Date;Horizon;M_S7_Moisture;M_S7_Temperature;M_S7_Salinity;M_S8_Moisture;M_S8_Temperature;M_S8_Salinity;M_S9_Moisture;M_S9_Temperature;M_S9_Salinity;T_S10_Moisture;T_S10_Temperature;T_S10_Salinity;T_S11_Moisture;T_S11_Temperature;T_S11_Salinity;T_S12_Moisture;T_S12_Temperature;T_S12_Salinity
20150429;15;22.42;27.1;2;14.6;28.1;1.8;9.39;28.4;1.8;19.57;28.3;2.1;19.38;28;2.1;22.13;27.8;2.2
20150429;30;24.48;27.3;2.3;12.04;28.2;2;13.88;28.4;1.1;17.18;28.3;1.5;24.36;28;2.5;14.64;27.8;2.3
20150429;45;28.13;27.3;3.3;11.86;28.3;2.3;15.28;28.5;0.9;15.41;28.3;1.8;25.64;28.1;2.4;10.97;27.9;1.9
20150429;60;31.78;27.4;3.9;19.45;28.3;2.3;17.07;28.4;1.2;15.28;28.3;2.3;22.59;27.9;1.5;12.16;27.9;1.2
20150429;75;28.81;27.5;3.2;22.57;28.3;1.9;13;28.4;1.1;17;28.2;3.3;12.24;28;1.4;12.6;27.9;1.3
20150429;90;27.97;27.6;3.5;10.22;28.4;1.5;6.86;28.5;1.5;13.99;28.3;3.3;17.84;27.9;2;29.63;27.8;2.9
20150429;105;30.96;27.7;3.5;5;28.4;1;1.97;28.4;1.7;9.49;28.2;3.3;26.51;27.9;2.3;37.31;27.9;3.6
20150429;120;30.82;27.8;3.2;11.29;28.5;1.7;2.29;28.4;1.8;3.78;28.2;2.3;26.75;27.9;2.4;36.9;27.9;3.2
20150429;135;30.27;27.8;3.3;13.21;28.4;2;9.14;28.4;2.4;8.95;28.1;2.1;28.15;27.8;2.5;40.1;27.9;3.3
20150429;150;30.68;27.9;3.3;11.93;28.4;1.9;9.13;28.4;2.5;9.12;28.1;2.1;28.4;27.8;2.5;40.57;27.8;3.4
20150502;15;22.84;29.6;2;14.4;29.4;1.8;12.59;29.1;1.6;20.68;28.9;2.7;21.62;28.5;2.2;20.26;28.2;1.9
20150502;30;24.67;29.5;2.4;10.12;29.4;1.7;16.88;29.2;1.4;20.96;28.9;1.9;23.08;28.5;2.2;17.25;28.2;1.3
20150502;45;28.07;29.6;3.4;10.17;29.4;2.2;16.42;29.2;1.1;19.93;28.9;2.1;24.17;28.5;2;17.19;28.2;1.8
20150502;60;31.66;29.6;4;20.82;29.5;2.5;15.35;29.2;1;16.62;28.9;2.5;20.44;28.6;1.3;14.88;28.2;2.5
20150502;75;28.79;29.5;3.3;20.02;29.4;1.8;9.84;29.2;0.7;16.08;28.9;3.6;12.07;28.5;1.5;13.47;28.2;1.5
20150502;90;28.06;29.5;3.6;9.84;29.3;1.4;4.81;29.1;1.3;13.47;28.8;3.6;19.64;28.5;2.1;29.33;28.2;2.9
20150502;105;31.66;29.5;3.7;4.42;29.3;0.9;0.14;29;1.6;8.18;28.7;3.3;27.4;28.5;2.3;37.84;28.2;3.7
20150502;120;31.4;29.5;3.5;11.36;29.4;1.7;4.97;29;2.1;5.24;28.8;2.4;27.96;28.5;2.5;38.22;28.1;3.6
20150502;135;31.13;29.5;3.4;13.58;29.3;2;9.22;29;2.5;9.66;28.7;2.1;29.13;28.4;2.8;42.4;28.1;3.5
20150502;150;31.34;29.5;3.4;12.73;29.2;1.9;9.42;29;2.5;10.51;28.6;2.2;29.52;28.3;2.9;42.43;28.1;3.5
20150505;15;21.88;29.9;2.3;14.3;30.4;1.5;9.58;30.5;1.7;21.23;30.3;2.7;21.78;30;2.4;21.91;30;2
20150505;30;25.26;29.9;2.9;11.56;30.5;1;16.1;30.6;1.3;21.76;30.4;1.8;23.6;30.2;2.3;16.36;30.1;1.2
20150505;45;27.94;30;3.5;10.28;30.5;0.6;20.89;30.6;1.9;23.12;30.3;2.2;24.68;30.1;2.2;15.74;30.2;1.5
20150505;60;30.92;30.1;3.7;19.79;30.5;2;24.19;30.6;2.2;21.79;30.3;2.3;23.7;30.1;2;14.68;30.1;2.3
20150505;75;27.94;30.1;3;25.44;30.5;2.6;16.76;30.5;3;21.19;30.3;3;13.08;30.2;1.9;13.89;30.1;2.3
20150505;90;27.78;30.1;3.4;13.29;30.6;2.3;5.81;30.6;2;13.77;30.3;2.4;20.88;30.1;1.9;29.53;30.1;3.3
20150505;105;31.73;30.2;3.6;6.47;30.6;1.9;1.75;30.6;1.5;12;30.2;2;28.08;30.1;2.4;36.93;30.1;3.6
20150505;120;30.65;30.3;3.1;12.79;30.5;1.5;2.07;30.5;1.1;3.13;30.1;1.2;28.26;30.1;2.3;36.97;30.1;3.4
20150505;135;29.1;30.3;2.5;17.36;30.6;2.2;10.33;30.5;0.9;13.11;30.2;2;28.53;30;2.6;39.63;30.1;3.4
20150505;150;29.78;30.3;2.6;16.78;30.5;2.2;11.68;30.5;0.9;13.39;30.1;2;28.59;30.1;2.6;38.42;30.1;3.3
20150511;15;22.48;27;2.1;13.82;26.9;1.8;16.99;27;1.5;19.26;27.4;2.2;22.68;27.6;2.5;21.47;27.3;2.2
20150511;30;24.01;26.9;2.4;15.02;26.9;2;21.34;27;2.2;18.01;27.5;1.8;25.05;27.5;2.8;25.17;27.4;2.8
20150511;45;28.15;26.9;3.5;15.72;26.8;2.5;25.03;26.9;3;14.58;27.6;1.3;25.37;27.5;2.5;27.07;27.3;3.2
20150511;60;30.79;27;3.8;21.72;26.9;2.7;24.24;27;2.7;14.16;27.6;1;12.81;27.4;2.1;24.67;27.3;2.7
20150511;75;27.71;26.9;3;23.04;26.9;1.8;13.03;27;0.9;16.6;27.7;0.9;20.92;27.4;2.1;13.13;27.3;2.2
20150511;90;32.79;27;3.8;10.06;26.8;1.4;5.95;26.9;1.2;13.62;27.7;0.7;27.44;27.3;2.6;19.95;27.3;2
20150511;105;31.61;27;3.3;4.91;26.8;1;2.33;27;1.4;7.19;27.6;0.6;28.43;27.4;2.8;27.79;27.2;2.5
20150511;120;31;27;3.3;11.78;26.9;1.8;0.35;27;1.7;3.52;27.7;0.8;28.3;27.4;2.4;27.89;27.2;2.8
20150511;135;31;27;3.3;12.25;27;2.1;9.55;27;1.6;8.42;27.8;1.3;28.6;2.4;2.7;29.21;27.3;3.2
20150511;150;31.14;26.9;3.5;11.83;26.9;2;10.1;27;1.7;8.61;27.7;1.3;28.64;27.5;2.5;29.48;27.2;3.1
20150515;15;22.17;32;2.3;14.81;32;1.6;16.05;32;1.7;18.07;31.7;2.2;21.97;31.4;2.6;22.09;31.2;2.2
20150515;30;24.93;32;2.8;10.67;32.1;1.7;20;31.9;2.3;16.89;31.7;1.5;23.87;31.4;2.6;13.59;31.2;1.2
20150515;45;28.39;32;3.7;12.31;32;2.2;23.59;32;3;19.13;31.6;2.1;26.42;31.4;2.9;11.74;31.3;1.3
20150515;60;30.53;32;3.9;26.42;32.1;3.3;24.03;32;2.5;17.65;31.6;2.3;21.89;31.5;3;11.96;31.2;1.9
20150515;75;27.68;32;2.9;29.81;32.1;3.1;15.54;32;1.8;18.49;31.8;3.2;12.91;31.4;2.4;13.49;31.1;2.3
20150515;90;27.85;32;3.5;16.97;32.1;2.3;6.93;32;1.4;14.49;31.5;2.8;20.66;31.3;1.9;30.28;31.2;3.5
20150515;105;32.42;32;3.9;5.51;32;1.3;1.41;31.9;1.4;12.66;31.6;1.9;27.44;31.3;2.5;36.44;31.2;3.8
20150515;120;30.44;32;3.2;11.02;32;1.6;0.89;31.9;1.1;1.61;31.5;1.1;27.86;31.3;2.3;35.08;31.1;3.4
20150515;135;28.77;32;2.5;12.24;32;2.1;8.53;31.9;1;9.48;31.6;1.7;28.13;31.4;2.5;37.92;31.1;3.4
20150515;150;29.03;32.1;2.5;11.56;32;2;7.89;31.8;0.9;10.02;31.5;1.7;28.15;31.3;2.4;39.04;31.2;3.3
20150519;15;21.45;27.5;2;12.98;27.7;1.8;9.55;28;1.5;20.98;28;3;19.91;27.9;2.1;23.61;27.8;2.4
20150519;30;23.79;27.4;2.4;9.49;27.8;1.8;14.31;28;1.2;21.08;27.9;1.7;23.95;27.9;2.3;13.51;27.8;2.3
20150519;45;28.13;27.4;3.6;9.7;27.8;2.4;15;27.9;0.8;20.09;28;2.1;24.76;27.9;2.2;10.65;27.8;1.9
20150519;60;30.7;27.4;3.8;21.66;27.8;2.8;14.85;28;0.8;16.79;28;2.3;20.97;27.9;1.5;11.66;27.8;1.2
20150519;75;28.22;27.5;3.2;20.71;27.7;1.8;9.96;28;0.7;17.49;28;3.3;12.99;27.9;1.6;13.32;27.8;1.3
20150519;90;28.22;27.5;3.5;11.14;27.8;1.5;4.67;28;1.2;14.44;27.9;3.2;19.9;27.8;2.1;30.29;27.7;3.2
20150519;105;31.66;27.5;3.7;3.99;27.8;0.9;0.48;27.9;1.6;9.75;28;3.3;27.63;27.8;2.4;38.17;27.8;3.8
20150519;120;31.89;27.5;3.5;12.01;27.8;1.8;4.01;28;2;4.57;27.9;2.2;28.04;27.8;2.3;38.1;27.7;3.4
20150519;135;33.44;27.5;3.6;17.74;27.8;2;11.27;28;2.7;13.78;27.9;2.5;28.76;27.7;2.7;42.49;27.8;3.6
20150519;150;34.06;27.6;3.6;17.8;27.8;1.8;10.55;27.9;2.7;13.92;28;2.5;28.97;27.8;2.8;42.08;27.7;3.6
20150526;15;22.43;30.1;2.2;14.73;30.5;2.2;10.33;30.6;1.6;21.08;30.5;2.5;21.55;30.4;2.4;21.02;30.2;2.7
20150526;30;24.45;30;2.5;17.8;30.5;2;16.13;30.7;2.4;20.45;30.5;1.8;24.63;30.4;2.6;17.85;30.2;2.5
20150526;45;28.09;30.1;3.4;23.29;30.5;2.8;22.45;30.7;3;25.22;30.5;2.5;26.63;30.4;3;13.15;30.3;1.8
20150526;60;30.65;30.1;3.6;25.67;30.5;3.3;23.62;30.7;2.4;22.47;30.5;2.5;23.29;30.4;2.3;11.75;30.2;1.3
20150526;75;27.66;30.1;3;25.87;30.5;2.3;13.53;30.7;1.6;22.51;30.4;2.5;12.66;30.4;1.9;13.97;30.1;1.3
20150526;90;28.45;30.2;3.6;14.2;30.6;1.8;7;30.6;1.2;17.22;30.5;2.9;22.61;30.3;2.2;30.13;30.1;3.1
20150526;105;31.62;30.2;3.8;5.64;30.5;1.3;1.91;30.6;1.3;7.38;30.5;3.3;27.91;30.4;2.5;36.71;30.2;3.8
20150526;120;30.85;30.2;3.3;11.6;30.5;1.5;2.58;30.6;1.3;3.43;30.4;2.5;28.99;30.3;3;36.45;30.1;3.4
20150526;135;30.83;30.2;3.1;13.8;30.6;1.8;9.77;30.5;1.1;10.25;30.3;2;29.84;30.3;3.4;40.18;30;3.6
20150526;150;30.89;30.2;3.1;13.66;30.6;1.8;30.61;30.5;1.2;10.59;30.4;2;30.13;30.3;3.2;39.68;30.1;3.5
20150527;15;23.05;31.3;2.4;14.26;31.5;1.8;12.25;31.4;1.7;22.21;31;2.9;21.69;30.7;2.3;20.51;30.5;1.8
20150527;30;24.92;31.4;2.6;11.97;31.5;1;15.01;31.3;2.2;23.58;31;2.5;24.17;30.6;2.4;16.94;30.4;1.3
20150527;45;28.18;31.3;3.5;11.66;31.5;0.6;17.07;31.3;2.5;23.47;30.9;2.2;26.5;30.7;2.8;16.75;30.4;1.6
20150527;60;31.08;31.4;3.8;19.52;31.5;1.9;17.68;31.3;3;16.23;30.9;1.1;20.77;30.6;3;14.19;30.5;2.3
20150527;75;28.22;31.4;3.2;21.91;31.5;2.3;10.63;31.2;2.9;15.85;30.9;0.8;11.77;30.5;2.5;14.01;30.3;2.3
20150527;90;27.92;31.4;3.5;11.02;31.5;2.3;5.6;31.2;2;13.83;30.8;0.6;19.08;30.5;1.8;29.71;30.4;3.5
20150527;105;31.11;31.4;3.8;6.31;31.5;2.1;0.18;31.2;1.6;8.37;30.8;0.7;27.37;30.5;2.4;36.94;30.4;3.8
20150527;120;30.48;31.4;3.3;12.35;31.4;1.5;2.41;31.2;0.9;3.5;30.7;0.9;28.33;30.5;2.4;37.43;30.3;3.6
20150527;135;29.28;31.4;2.7;13.58;31.5;2;8.17;31.1;0.9;8.87;30.8;1.1;28.78;30.5;2.5;39.64;30.3;3.6
20150527;150;29.49;31.4;2.8;12.48;31.4;2;9.24;31.1;1;9.59;30.7;1.2;29.18;30.5;2.6;38.76;30.2;3.5
20150529;15;23.31;38.4;2.3;13.84;38.4;1.7;9.78;38;1.6;21.07;37.2;2.9;19.45;36.7;2.2;21.01;36.3;2.5
20150529;30;24.91;38.5;2.8;14.21;38.4;1.1;16.03;37.9;2.3;24.21;37.1;2.7;23.93;36.7;2.7;15.45;36.2;2.4
20150529;45;27.9;38.5;3.5;16.44;38.3;1.2;20.9;37.8;2.7;25.16;37.1;2.8;25.52;36.7;2.9;14.58;36.1;1.8
20150529;60;31.19;38.4;3.8;21.82;38.4;2.6;22.92;37.8;2.6;22.05;37;1.8;23.42;36.6;2.7;13.05;36.1;1.3
20150529;75;28.11;38.5;3.1;26.18;38.4;2.7;12.62;37.8;2.1;18.41;37;1.3;12.57;36.6;2.3;14.77;36.1;1.7
20150529;90;27.99;38.5;3.4;13.21;38.3;2.3;7.16;37.7;1.4;14.07;37;1.4;21.29;36.6;2;31.42;36;3.6
20150529;105;31.22;38.5;3.6;6.67;38.2;1.9;1.54;37.6;1.4;11.48;37;1.8;27.86;36.5;2.5;36.98;36;3.8
20150529;120;30.41;38.5;3.1;12.27;38.2;1.5;3.67;37.5;1;3.67;37;1.6;28.15;36.5;2.5;35.44;36;3.3
20150529;135;29.31;38.4;2.7;13.58;38.1;2.1;8.01;37.5;0.9;8.41;36.8;1.2;28.49;36.4;2.8;39.72;35.9;3.5
20150529;150;29.62;38.5;2.7;11.9;38.1;2;8.85;37.3;1;9.12;36.8;1.3;28.13;36.4;2.7;39.81;35.8;3.5
20150601;15;22.03;32.9;2.3;13.88;33.2;2.2;9.16;33.2;1.5;20.35;33;3;13.42;32.9;2.1;16.97;32.8;1.9
20150601;30;24.24;33;2.9;16.33;33.3;2.1;15.79;33.1;1.4;21.94;33;2;20.76;32.9;2.3;17.02;32.9;1.4
20150601;45;27.16;33.1;3.7;13.94;33.3;2.3;18.17;33.1;1.5;23.23;33;2.3;22.95;33;2.4;15.33;32.9;1.5
20150601;60;30.06;33.1;4;19.94;33.1;2.4;19.55;33.2;1.5;20.34;33;2.4;20.78;32.9;1.5;12.7;32.9;2.4
20150601;75;26.99;33.2;3.1;22.47;33.2;1.8;11.55;33.1;1.5;19.23;33;3.1;15.09;32.9;1.4;10.53;32.8;1.8
20150601;90;27.81;33.2;3.7;10.73;33.2;1.5;6.82;33.1;1.8;13.85;32.9;2.1;15.2;32.9;1.9;23.03;32.8;2.3
20150601;105;30.75;33.2;3.7;5.21;33.1;1.1;1.46;33;1.8;11.43;32.9;1.9;25.72;32.9;2.3;35.13;32.8;3.8
20150601;120;30.83;33.3;3.4;12.12;32.2;1.6;4.5;33.1;1.8;2.83;33;1.5;27.25;32.9;2.2;36.53;32.8;3.7
20150601;135;30.18;33.3;3.4;12.65;33.2;1.9;8.82;33;2.2;7.72;33;1.5;27.63;32.9;2.6;39.62;32.8;3.8
20150601;150;30.29;33.4;3.4;11.49;32.3;1.9;9.32;33.1;2.3;9.29;33;1.8;28.04;32.9;2.6;40.25;32.8;3.5
20150603;15;18.25;34.1;2.1;12.49;34.1;1.8;13.12;34;1.7;13.74;33.7;2.3;12.69;33.4;1.6;17.95;33;2.3
20150603;30;22.61;34.1;2.3;9.79;34.2;1.4;19.75;34;2.3;21.56;33.7;2.2;20.64;33.3;2.4;14.19;33;2.7
20150603;45;26.65;34.1;3.2;9.03;34.2;0.6;22.82;34;2.9;22.41;33.7;2.3;23.74;33.3;2.8;12.66;33;1.4
20150603;60;30.63;34.1;4;13.47;34.2;0.9;24.89;34;2.7;18.44;33.5;2.6;24.75;33.3;2.6;12.95;33;1.4
20150603;75;27.98;34.1;3.2;29.42;34.2;3.7;16.25;33.9;3.3;21.62;33.5;2.5;16.65;33.3;2.1;10.59;33;1.5
20150603;90;27.38;34.1;3.5;23.81;34.1;2.8;6.74;34;2.8;20.07;33.5;2.4;15.93;33.2;2;23.58;33;2.8
20150603;105;30.55;34.1;3.7;7.83;34.1;1.6;4.56;33.9;1.9;12.85;33.5;3.4;27.16;33.2;2.4;36.92;32.9;3.7
20150603;120;31.35;34.3;3.7;8.7;34.1;1.6;0;33.9;1.1;6.03;33.4;2.6;28.65;33.2;2.8;33.51;32.9;3.2
20150603;135;30.76;34;3.3;13.66;34.1;2.2;7.52;33.6;0.9;8.34;33.4;1.9;29.26;33.2;3.3;37.93;32.8;3.6
20150603;150;31.67;34.1;3.4;12.67;34;2;9.41;33.7;1;10.93;33.4;1.8;29.76;33.1;3.2;39.93;32.9;3.5
20150605;15;23.31;26.6;2.4;17.7;27.9;2.2;10.26;28.4;1.2;21.79;27.9;2.9;18.85;27.5;2.5;23.11;27.7;2.4
20150605;30;28.47;26.7;3.6;14.15;28;1.5;19.16;28.5;2.2;26.83;27.8;3.5;26.49;27.5;2.9;21.72;27.8;2.7
20150605;45;30.49;26.9;4.2;13.19;28;0.9;20.5;28.5;2.9;28.05;27.9;3.7;28.41;27.6;3.1;21.23;27.8;2.3
20150605;60;33.3;27;4.2;18.81;28.1;1.4;21.78;28.5;3.2;27.15;27.8;2.8;27.74;27.6;3;17.25;27.9;1.4
20150605;75;33.32;27.1;4.2;28.26;28.2;3.4;14.9;28.6;3.5;25.08;27.8;2.3;21.74;27.5;2.6;12.68;27.9;1.6
20150605;90;30.5;27.2;4;27.26;28.2;3.1;21.99;28.6;3.2;22.53;27.8;2;23.11;27.6;2.2;25.54;27.9;3
20150605;105;33.89;27.5;4.4;30.69;28.3;3.6;29.56;28.5;3.1;24.8;27.8;3.5;32.46;27.6;3;36.58;28;3.9
20150605;120;35.65;27.6;4.3;34.86;28.2;3.6;39.11;28.6;3.4;74.08;27.8;3.8;34.5;27.6;3.3;35.12;27.9;3.4
20150605;135;39.32;27.6;4;35.38;28.3;3.2;46.48;28.3;3.6;39.09;27.5;3.6;38.43;27.6;3.5;38.84;28;3.8
20150605;150;41.39;27.6;4;34.81;28.4;3.2;92.54;28.2;4;82.7;27.6;4.4;37.41;27.6;3.5;38.54;28;3.7
20150608;15;24.9;37.2;2.5;14.89;37.5;1.5;14.09;37.2;1.6;17.76;36;2.7;16.9;35.2;1.9;19.2;34.7;2.2
20150608;30;27.75;37.3;3.2;13.46;37.5;1.8;23.84;37.1;2.3;26.43;35.9;3.1;24.49;35.2;2.7;20.44;34.6;1.5
20150608;45;29.69;37.3;4;11.7;37.4;2;27.14;37.1;3.1;26.09;35.8;2.8;26.45;35.2;2.6;18.69;34.5;1.6
20150608;60;32.81;37.4;4.1;13.81;37.4;2.7;23.66;37.1;2.3;22.64;35.8;2.4;24.79;35;1.9;16.15;34.5;2.6
20150608;75;31.57;37.4;3.8;22.9;37.5;2.2;18.16;37;1.4;19.2;35.7;3.2;18.77;35;1.5;11.73;34.6;2
20150608;90;30.04;37.4;3.8;20.94;37.4;2;19.31;37;2;12.88;35.6;3.3;20.66;35;2;24.2;34.6;2.4
20150608;105;32.97;37.3;4.2;28.63;37.5;3.5;23.71;36.9;2.5;26.46;35.6;3.5;29.98;34.9;2.7;34.84;34.5;4
20150608;120;32.17;37.5;3.9;21.83;37.3;3;19.74;36.9;2.5;29.83;35.5;2.8;30.99;34.9;2.8;37.35;34.4;4
20150608;135;30.72;37.4;3.3;21.58;37.3;2.5;22.08;36.8;2.5;24.01;35.4;2.7;31.68;34.9;3.1;40.95;34.4;3.9
20150608;150;32.5;37.5;3.6;20.96;37.3;2.5;22.68;36.5;2.5;24.68;35.4;2.6;31.89;34.8;3.2;40.18;34.4;3.8
20150612;15;19.32;34.2;2.2;12.06;34.9;1.9;7.61;35.2;1.5;15.01;33.9;2.2;14.75;33.3;2.4;19.33;33.1;2.3
20150612;30;25.94;34.2;3.1;21.18;35;2.2;15.47;35.3;1.4;20.29;34;1.8;23.09;33.3;2.9;14.33;33.1;2.5
20150612;45;28.22;34.3;3.8;26;35;3;16.27;35.4;1.1;20.08;33.8;2.1;25.27;33.3;3;12.58;33;2.2
20150612;60;31.91;34.4;4.3;27.31;35.1;3.6;18.54;35.3;1.8;16.39;33.8;2.4;22.79;33.3;1.8;10.04;33.1;1.9
20150612;75;30.83;34.4;3.9;28.39;35;3.2;13.51;35.4;0.8;16.98;33.7;3.3;15.51;33.2;1.3;11.41;33.1;1.2
20150612;90;29.92;34.5;4;25.39;35.1;2.7;19.43;35.3;2;13.54;33.5;3.6;18.67;33.1;2;23.74;3.2;2.1
20150612;105;32.58;34.6;4.3;28.04;35.1;3.4;17.6;35.3;2;26.07;33.6;3.9;29.11;33.2;2.4;34.27;33.1;3.8
20150612;120;32.09;34.6;4;21.78;35;2.7;20.8;35.3;2.7;29.04;33.4;2.6;30.23;33.1;2.6;35.81;33.1;3.7
20150612;135;30.21;34.6;3.4;15.79;35.1;2.2;15.92;35.2;2.8;16.33;33.5;2.2;31.04;33.2;2.8;40.06;33;3.8
20150612;150;31.32;34.7;3.5;14.69;35.2;2.2;16.83;35;2.6;14.73;33.4;2.1;31.66;33.1;3;40.89;33;3.8
20150613;15;18.26;28.2;2.1;11.29;29.3;1.3;8.93;29.9;1.1;16;30.3;2.6;12.97;30.8;1.9;18.11;31;2.1
20150613;30;25.05;28.3;2.8;18.85;29.4;1.4;21.01;29.9;2.3;25.33;30.3;3;22.3;30.8;2.6;18.12;31;2.3
20150613;45;27.74;28.4;3.6;22.3;29.5;2.3;24.66;30;2.9;26.65;30.4;3.1;25.63;30.8;2.8;18.92;31;1.9
20150613;60;32.23;28.5;4.3;23.55;29.5;2.5;26.18;30;2.8;24.62;30.5;2.3;26.77;30.9;2.7;16.24;30.9;1.4
20150613;75;31.77;28.6;3.9;28.45;29.5;3.5;20.98;30.1;1.9;19.92;30.5;1.5;19.28;30.9;2.2;11.62;31;1.5
20150613;90;30.09;28.7;3.9;25.58;29.7;2.8;17.95;30.2;2.2;16.93;30.6;1.2;19.3;30.8;2;25.2;31;2.9
20150613;105;31.72;28.8;3.9;27.61;29.7;3.5;19.96;30.1;2.3;21.98;30.6;3.2;28.9;30.9;2.5;36.17;31;3.9
20150613;120;31.57;28.9;3.9;21.02;29.7;2.8;15.35;30.2;2.4;27.98;30.6;2.7;30.11;30.9;2.9;33.65;31;3.3
20150613;135;30.23;29;3.4;15.14;29.7;2.2;16.27;31.1;2.3;14.54;30.6;2;31.34;30.9;3.1;38.45;31;3.7
20150613;150;31.54;29;3.5;17.09;29.8;2.2;16.99;30.2;2.4;13.73;30.6;1.9;31.54;30.9;3.1;40.55;31;3.7
20150614;15;16.61;30.8;2;10.99;31.1;1.4;6.42;31.3;1.5;14.53;31.1;2.7;12.28;30.9;2.1;17.59;31;2.7
20150614;30;23.99;30.7;2.9;11.36;31.2;1.8;15.05;31.3;1.5;25.04;31.1;2.9;21.26;30.9;2.7;16.42;31;2.7
20150614;45;27.43;30.9;3.8;10.63;31.2;2.2;16.16;31.3;1.3;25.25;31;2.8;23.52;30.9;2.5;13.4;31.1;2.4
20150614;60;31.16;30.9;4.3;13.7;31.3;2.8;17.79;31.3;1.5;25.5;31;2.3;23.93;31;1.8;9.8;31.1;2.8
20150614;75;30.2;30.9;3.7;22.45;31.4;2.3;17.21;31.4;1.2;24.64;31;2.7;18.1;31;1.8;11.04;31.2;1.7
20150614;90;29.06;30.9;3.8;19.46;31.3;2;16.8;31.3;2;18.25;31;2.7;17.63;31;2;23.79;31.2;2.3
20150614;105;31.55;30.9;4.1;26.29;31.3;3.4;19.43;31.2;2.4;20.48;30.9;2.6;28.36;30.9;2.5;34.33;31.2;3.9
20150614;120;30.43;30.9;3.7;19.78;31.4;2.9;15.02;31.3;2.5;28.62;30.9;3;28.87;30.9;2.4;36.37;31.2;3.8
20150614;135;29.23;31;3.5;14.77;31.4;2.4;16.5;31.2;2.3;15.25;30.9;2.4;29.63;30.9;2.8;40.01;31.2;3.8
20150614;150;30.21;31.1;3.6;13.81;31.4;2.3;17.03;31.2;2.3;13.91;30.9;2.1;29.89;30.9;2.8;40.18;31.2;3.8
20150615;15;17.35;27.4;2.3;10.69;27.9;1.3;7.11;28.3;1.1;14.97;28.4;2.1;13.64;28.6;2.2;19.08;28.8;2.3
20150615;30;23.52;27.3;2.8;16.5;28;1.4;15.41;28.5;2;20.65;28.4;2;22;28.6;2.3;16.03;28.8;2.1
20150615;45;26.75;27.3;3.6;20.47;28;2;18.54;28.5;2.3;20.49;28.4;1.6;24.53;28.7;2.4;15.22;28.8;1.9
20150615;60;30.55;27.4;4.2;22.43;28;2.3;21.61;28.5;2.8;18.8;28.5;1.4;25.57;28.7;2.8;16.05;28.8;1.3
20150615;75;31.34;27.4;3.8;27.89;28.1;3.4;14.86;28.4;3.1;16.9;28.5;0.9;15.88;28.6;2.8;11.57;28.8;1.7
20150615;90;29.32;27.5;3.8;24.44;28.1;2.7;17.15;28.4;2.6;15.09;28.5;0.9;17.28;28.7;1.9;25.43;28.8;3.2
20150615;105;32.08;27.6;4.1;26;28.1;3.2;19.46;28.5;2.3;22.3;28.5;3.2;27.05;28.7;2.3;36.57;28.8;3.9
20150615;120;30.72;27.5;3.6;19.85;28.1;2.5;15.02;28.5;2.3;26.92;28.5;2.7;29.19;28.7;2.5;24.5;28.8;3.3
20150615;135;28.49;27.7;2.8;14.77;28.2;2;27.74;28.5;2.4;14.56;28.5;2;29.77;28.6;2.6;38.38;28.8;3.7
20150615;150;28.91;27.6;2.8;13.84;28.1;2;29.02;28.4;4.2;14.28;28.5;1.9;29.88;28.8;2.6;39.11;28.9;3.7
20150616;15;18.31;31.4;2.1;11.52;32;1.6;6.71;32.3;1.1;14.64;31.5;2.4;13.87;31;2.1;16.89;31;2.1
20150616;30;24.26;31.5;3;9.83;32.1;1.4;15.04;32.3;2.1;21.18;31.4;2.1;21.49;31;2.4;17.55;30.9;2.4
20150616;45;26.85;31.5;3.7;7.31;32.1;0.6;15.98;32.4;2.4;21.06;31.3;1.7;24.47;31;2.7;17.86;31;2
20150616;60;30.26;31.5;4.2;11.88;32.1;0.8;20.05;32.4;2.7;17.51;31.3;1.3;23.62;31;3;15.59;31;1.3
20150616;75;30.4;31.6;3.8;22.19;32.2;2.3;14.35;32.5;3.1;16.25;31.3;0.8;16.51;31;2.8;11.95;31;1.8
20150616;90;29.22;31.7;3.8;19.93;32.3;2.1;17.33;32.4;2.6;13.04;31.2;0.8;17.88;30.9;2;26.86;31;3.4
20150616;105;32.81;31.8;4.2;25.05;32.3;2.9;20.16;32.5;2.3;25.13;31.1;3.2;27.33;30.9;2.3;37.19;31;4
20150616;120;31.56;31.7;3.7;18.51;32.3;2.2;14.38;32.4;2.1;26.2;31.1;2.7;29.27;31;2.7;35.03;31;3.4
20150616;135;29.81;31.8;3.1;14.75;32.4;2;27.53;32.4;2.5;15.53;31.1;2.1;29.4;31;2.5;37.59;31.1;3.7
20150616;150;30.2;31.8;3.1;14;32.3;2.1;15.64;31.9;2;14.52;31.1;2;29.42;30.9;2.5;39.63;31;3.6
20150617;15;15.83;37.5;2.3;10.48;36.9;1.8;6.52;36.3;1.4;12.92;35.5;2.2;11.67;34.8;1.8;14.26;34.1;2
20150617;30;23.86;37.4;3.1;15.84;36.9;2;15.67;36.2;1.6;22.55;35.4;2.5;18.83;34.8;2.3;15.7;34.1;1.5
20150617;45;25.97;37.3;3.6;18.38;36.9;2.2;17.33;36.2;1.5;23.71;35.4;2.5;22.67;34.7;2.3;15.06;34;1.6
20150617;60;29.69;37.2;4.1;22.7;36.8;2.6;17.75;36.2;1.5;23.79;35.3;1.9;25.09;34.6;2.5;12.97;34;2.5
20150617;75;30.97;37.2;3.9;26.4;36.8;2.9;15.84;36.1;1;25.05;35.2;2.3;18.62;34.5;1.9;10.55;34;2
20150617;90;29.31;37.1;3.8;23.71;36.7;2.3;16.51;36;1.9;20.99;35.1;2.3;17.47;34.5;1.8;23.82;34;2.6
20150617;105;32.07;37.1;4.2;26.25;36.6;3.2;20.05;35.9;2.3;19.61;35.1;2.3;28.49;34.5;2.4;35.21;33.9;3.7
20150617;120;31.47;37.1;3.8;20.19;36.5;2.6;15.77;35.9;2.5;28.98;35.1;2.9;29.04;34.4;2.4;35.6;33.8;3.7
20150617;135;29.78;37;3.2;15.71;36.5;2.2;17.34;35.9;2.3;16.85;35;2.1;29.75;34.3;2.7;39.37;33.8;3.8
20150617;150;30.95;37.1;3.3;14.45;36.5;2.3;17.85;35.7;2.3;14.9;35;2.1;30;34.3;2;41.02;33.8;3.6
20150618;15;15.29;36.7;2.3;11.36;36.9;1.3;9.25;36.6;1.3;12.84;36;2.4;11.07;35.7;1.5;14.56;35.1;2.2
20150618;30;22.75;36.7;2.7;16.14;36.8;1.4;16.34;36.6;1.9;23.98;36.1;2.9;18.89;35.7;2.4;15.09;35.1;2.5
20150618;45;24.98;36.7;3.3;21.28;36.8;2.1;15.24;36.5;2.2;24.58;36.1;3.2;21.92;35.6;2.6;12.72;35;2.2
20150618;60;29.99;36.7;4.3;26.59;36.8;3.1;20.83;36.5;2.6;23.31;35.9;2.7;24.72;35.5;2.7;10.27;34.9;1.8
20150618;75;30.38;36.8;3.7;30.89;36.8;3.8;18.66;36.5;2.5;24.28;36;2.5;17.62;35.5;1.9;10.07;34.9;1.4
20150618;90;29.05;36.8;3.8;26.48;36.8;2.9;17.25;36.5;2.1;21.88;35.9;2.3;18.12;35.5;1.9;23.97;34.9;2.4
20150618;105;31.75;36.9;3.8;26.24;36.8;3.2;18.44;36.5;2.3;22.35;35.9;3.1;29.12;35.5;2.5;34.99;34.8;3.8
20150618;120;31.74;36.9;3.8;20.21;36.8;2.8;14.92;36.4;2.4;29.56;35.9;2.6;29.79;35.4;2.8;34.2;34.9;3.5
20150618;135;30.37;37;3.4;15.45;36.8;2.3;16.44;36.3;2.3;17.54;35.8;2.1;30.94;35.4;3.1;37.48;34.7;3.7
20150618;150;31.56;36.8;3.5;14.27;36.8;2.2;27.31;36.3;2.7;15.01;35.7;1.9;30.92;35.2;3.1;39.31;34.7;3.6
20150619;15;15.7;35.2;2;8.62;35.4;1.2;4.71;35.3;1.5;13.77;34.8;2.6;12.17;34;2;15.03;33.5;2.1
20150619;30;22.12;35.2;2.7;10.16;35.5;1.5;13.16;35.3;1.3;21.78;34.7;2.2;18.53;33.9;2.3;14.33;33.4;2
20150619;45;24.38;35.2;3.3;9.97;35.5;1.9;13.52;35.3;1;20.09;34.5;2;20.9;33.9;2.4;13.04;33.4;2
20150619;60;29.4;35.3;4.3;12.87;35.4;2.4;16.11;35.2;1.1;17.41;34.5;2.3;20.29;33.9;1.6;10.42;33.4;2.5
20150619;75;29.5;35.3;3.7;23.97;35.4;2.5;13.68;35.3;0.7;18.49;34.4;3.2;15.06;33.7;1.3;11.29;33.4;1.6
20150619;90;28.66;35.3;3.8;21.62;35.4;2.1;16.12;35.2;1.9;12.81;34.4;3.5;16.5;33.7;1.9;23.03;33.3;2.1
20150619;105;32.18;35.3;4.1;25.44;35.4;3.2;19.16;35.2;2.3;23.97;34.3;3.6;26.74;33.6;2.4;34.57;33.2;3.8
20150619;120;31.69;35.3;3.9;19.02;35.4;2.8;15.82;35.2;2.4;27.85;34.3;2.8;29.36;33.7;2.4;36.4;33.3;3.8
20150619;135;30.32;35.4;3.5;16.17;35.4;2.3;18.4;35.2;2.3;18.04;24.2;2.5;29.46;33.6;2.6;40.33;33.3;3.8
20150619;150;31.51;35.4;3.7;15.32;35.4;2.2;18.32;35.1;2.3;17.3;34;2.4;30.29;33.6;2.8;41.57;33.2;3.7
20150620;15;14.85;35.5;2;10.33;35.6;1.3;4.12;35.4;1;13.2;34.8;2.2;11.34;34.1;1.9;16;33.7;2.4
20150620;30;21.99;35.5;2.6;13.15;35.6;1.4;14.33;35.5;2;19.08;34.7;1.6;18.46;34;2.3;13.75;33.6;2.2
20150620;45;25.31;35.5;3.5;11.04;35.6;0.8;15.46;35.4;2.3;18.54;34.6;1.7;20.73;34;2.4;11.73;33.6;2.2
20150620;60;29.74;35.5;4.4;9.53;35.6;0.6;19.91;35.3;2.5;16.38;34.4;2.2;20.27;34;1.7;9.21;33.5;2.3
20150620;75;29.37;35.6;3.7;23.8;35.6;2.8;15.87;35.3;3;18.76;34.4;2.4;14.65;34;1.3;10.49;33.5;1.5
20150620;90;28.42;35.5;3.8;21.71;35.5;2.2;17.32;35.3;2.6;16.04;34.4;2.9;17.14;33.9;1.8;23.58;33.6;2.3
20150620;105;31.42;35.6;4;24.58;35.5;2.6;20.77;35.3;2.2;24.05;34.3;3.8;27.06;33.8;2.3;34.77;33.6;3.9
20150620;120;31.72;35.7;3.9;18.92;35.6;2.2;15.31;35.3;2.3;28.24;34.4;2.6;29.98;34;2.5;36.72;33.6;3.8
20150620;135;30.67;35.6;3.4;16.03;35.5;2.1;16.68;35.2;2.1;18.02;34.2;2.2;30.3;33.8;2.8;40.42;33.5;3.7
20150620;150;30.81;35.7;3.4;15.3;35.6;2.1;16.36;35.1;2.1;16.74;34.2;2.1;31.38;33.7;3;41.19;33.5;3.7
20150621;15;15.77;35.9;1.9;9.2;36.5;1.5;9.91;36.4;1.5;12.36;35.9;2.4;11.44;35.4;1.9;16.01;35;2.1
20150621;30;22.35;36;2.7;9.9;36.5;1.5;16.52;36.3;1.8;22.83;35.9;2.4;17.81;35.4;1.9;13.14;35;2.3
20150621;45;24.78;36;3.4;9.56;36.5;1.8;21.26;36.3;2.5;21.88;36;2.2;20.67;35.3;2.3;16.06;34.9;2.2
20150621;60;29.33;36;4.2;10.99;36.4;2.4;25.18;36.3;2.5;18.4;35.8;1.2;22.39;35.3;2.9;15.45;34.9;1.5
20150621;75;29.39;36.2;3.8;21.88;36.4;2.1;23.05;36.3;2.9;19.89;35.8;1.3;14.7;35.2;2.9;11.75;34.8;1.8
20150621;90;28.59;36.1;3.8;19.41;36.5;1.9;18.42;36.3;2.5;15.14;35.8;1.5;17.38;35.2;1.9;22.15;34.8;3.5
20150621;105;31.86;36.3;4.1;25.62;36.5;3.1;19.8;36.2;2.3;7.89;35.8;3.1;27.02;35.2;2.3;11.48;34.8;4.5
20150621;120;31.23;36.3;3.8;19.5;36.5;2.8;15.24;36.2;2.2;29.79;35.8;3;30.38;35.1;2.7;25.76;34.8;4
20150621;135;29.84;36.4;3.3;15.7;36.4;2.3;17.24;36.1;2.2;17.87;35.8;2.3;30.11;35;2.6;38.23;34.8;3.8
20150621;150;31.21;36.4;3.5;14.69;36.4;2.2;16.09;36;2.1;15.66;35.5;2.1;30.3;35.1;2.6;40.61;34.7;3.8
20150623;15;9.8;35.5;2.6;7.96;35.5;1.1;8.67;35.4;1.4;12.62;34.5;2.1;10.44;33.7;1.6;13.72;33.5;1.8
20150623;30;22.04;35.5;2.8;9.34;35.5;1.3;14.54;35.3;1.7;23.2;34.3;2.6;14.32;33.8;2.4;15.06;33.4;1.5
20150623;45;24.08;35.5;3.4;9.41;35.5;0.7;18.66;35.2;2.1;22.29;34.2;2.3;18.58;33.7;2.1;14.59;33.4;1.7
20150623;60;29.52;35.5;4.3;13.45;35.5;0.9;23.13;35.2;2.2;19.94;34.2;1.3;19.67;33.6;1.8;12.04;33.4;2.5
20150623;75;29.27;35.5;3.9;23.93;35.5;2.6;21.54;35.3;2.5;21.8;34.2;1.7;15.26;33.7;1.6;10.78;33.4;1.9
20150623;90;28.18;35.6;3.8;21.85;35.5;2.3;17.76;35.2;2.4;18.83;34;2;16.3;33.6;1.9;22.49;33.3;2.2
20150623;105;30.61;35.5;3.8;24.82;35.5;3.1;19.02;35.2;2.2;20.16;34;2;27.22;33.6;2.4;32.81;33.3;3.9
20150623;120;29.78;35.5;3.7;19.72;35.4;2.6;14.14;35.1;2.1;28.21;34;2.9;29.32;33.6;2.5;35.64;33.3;3.9
20150623;135;29.27;35.6;3.2;14.86;35.4;2.2;15.17;35.1;1.9;15.33;34;2.3;30.02;33.5;2.7;29.71;33.2;4.5
20150623;150;30.55;35.5;3.3;13.73;35.4;2.1;15.39;34.8;1.9;13.81;33.8;2.1;30.49;33.5;2.9;41.15;33.2;4
20150625;15;10.22;33.4;2.5;8.02;33.4;1.2;8.6;33.1;1.4;12.3;32.9;2.2;9.54;32.7;1.7;12.24;32.5;1.7
20150625;30;21.06;33.4;2.8;10.23;33.3;1.2;14.43;33.1;1.6;22.9;32.9;2.5;13.76;32.7;2.4;15;32.4;1.6
20150625;45;23.8;33.4;3.4;9.01;33.3;0.9;18.4;33.1;2;21.89;32.9;2.3;17.8;32.6;2.2;14.2;32.4;1.8
20150625;60;28.5;33.4;4.2;12.23;33.3;1;22.46;33;2.3;19.9;32.9;1.5;18.2;32.5;1.8;11.98;32.4;2.4
20150625;75;29.02;33.4;3.8;22.8;33.3;2.7;21.05;33;2.6;21.71;32.9;1.8;15.3;32.6;1.7;11;32.4;2
20150625;90;27.89;33.4;3.9;21.6;33.2;2.3;17.32;33;2.5;18.4;32.9;2.1;16.03;32.6;2;22.1;32.3;2.3
20150625;105;30.02;33.4;3.9;24;33.2;3;18.55;33;2.2;19.87;32.9;2;27;32.6;2.4;31.56;32.3;4
20150625;120;28.2;33.4;3.8;19.45;33.1;2.6;15.12;33;2.2;28;32.9;2.8;28.9;32.6;2.6;35.24;32.3;3.9
20150625;135;30.12;33.4;3.1;14.7;33.1;2.1;15.2;33;2;15.02;32.9;2.3;29.68;32.5;2.7;29.14;32.3;4.3
20150625;150;30.65;33.4;3.2;14.03;33.1;2.2;32.9;34.8;1.8;12.32;32.8;2.1;30.1;32.5;3;40.2;32.3;4.1
20150627;15;15.8;34.9;2.1;8.01;34.8;1.3;8.51;34.8;1.4;12.4;34.6;1.9;11.5;34.4;1.4;15.22;34.3;1.9
20150627;30;21.5;34.9;2.8;14.03;34.8;1.5;15.9;34.8;2.2;21.8;34.6;2.3;17.3;34.4;2.2;13.2;34.3;2.4
20150627;45;24.02;34.9;3;17.5;34.8;1.6;18.6;34.7;2.5;23.52;34.5;3;19;34.4;2.5;13.1;34.2;2.2
20150627;60;27.6;34.9;4;20.3;34.8;2.1;23.01;34.7;2.7;24.6;34.5;2.9;19.2;34.4;2.5;11.12;34.2;1.9
20150627;75;28.8;34.9;3.6;27.9;34.8;3.7;19.8;34.7;2.1;24.05;34.5;2.7;16.04;34.4;1.8;10.24;34.2;1.7
20150627;90;27.6;34.9;3.7;24.01;34.8;3;15.4;34.7;1.9;22.12;34.5;2.3;17.5;34.3;2;24.02;34.2;2.9
20150627;105;31.12;34.9;3.8;27.32;34.8;3.1;17.2;34.7;2.3;21.9;34.4;3.4;28.01;34.3;2.5;34.6;34.2;3.9
20150627;120;31.1;34.8;3.9;20;34.8;2.8;13.7;34.7;2.6;27;34.4;2.8;30.1;34.3;2.8;35.03;34.2;3.5
20150627;135;34.8;34.8;3.7;15.24;34.8;2.3;15.2;34.7;2.3;16.2;34.4;2.3;31.56;34.3;3.1;38.85;34.2;4
20150627;150;31.01;34.8;3.7;14.23;34.8;2.2;16.05;34.7;2.4;14.13;34.4;1.9;31.87;34.3;3.1;40;34.2;3.9
20150629;15;15.67;32.7;2;7.77;33.2;1.2;7.96;33.2;1.4;11.97;33.1;2;11.02;32.9;1.5;14.45;32.9;2
20150629;30;21.28;32.8;2.7;13.57;33.2;1.5;15.81;33.2;2.1;21.68;33.1;2.3;16.32;33;2.3;12.38;32.9;2.3
20150629;45;23.59;32.8;3.2;16.94;33.2;1.7;18.45;33.2;2.6;23.65;33;3.1;18.03;33;2.4;11.78;32.8;2.2
20150629;60;27.67;32.8;4.1;20.38;33.2;2.2;22.77;33.1;2.7;24.24;33;2.8;18.77;33;2.5;9.89;32.8;1.8
20150629;75;28.53;32.9;3.6;27.84;33.2;3.6;19.86;33.2;2;23.99;33;2.6;14.3;33;1.8;9.49;32.8;1.5
20150629;90;27.58;32.9;3.7;24.58;33.2;2.9;15.31;33.3;2;21.43;33;2.3;16.89;33;1.9;23.53;32.9;2.7
20150629;105;30.89;32.9;3.9;26.36;33.2;3.2;17.06;33.2;2.4;21.65;32.9;3.4;27.73;33;2.5;34.47;32.8;4.1
20150629;120;31;33;3.8;19.1;33.2;2.8;13.69;33.2;2.5;26.21;33;2.7;30.12;33;2.8;34.95;32.8;3.6
20150629;135;29.91;33;3.5;14.57;33.2;2.2;15.1;33.2;2.3;15.11;33;2.2;30.98;32.9;3.2;38.9;32.8;3.9
20150629;150;31.01;33.1;3.7;13.17;33.2;2.1;15.57;33.2;2.3;13.36;33;1.9;31.26;32.9;3.2;40.06;32.8;3.8
20150701;15;26.25;29.9;2.7;19.05;30.5;1.6;10.14;30.7;1.9;24.49;30.6;2.6;26.4;30.6;2.6;25.6;30.7;2.8
20150701;30;25.62;29.9;3;13.85;30.5;1.8;21.39;30.8;2.3;24.86;30.6;2.4;29.33;30.6;2.8;14.52;30.8;2.6
20150701;45;24.43;30;3;11.95;30.6;2.4;20.9;30.7;1.5;23.33;30.6;2.1;29.18;30.7;3;13.1;30.8;2.2
20150701;60;28.2;30;4.3;14.28;30.6;3;19;30.7;1.6;19.96;30.6;1.6;28.39;30.6;3.1;11.48;30.9;1.7
20150701;75;27.41;30;3.8;22.86;30.6;2.4;12.74;30.7;1;16.37;30.6;1;21.81;30.6;2.1;10.1;31;1.6
20150701;90;27.09;30.1;3.8;18.41;30.6;2.1;13.66;30.7;1.9;12.59;30.5;0.8;19.79;30.6;2.1;22.55;31;2.6
20150701;105;30.65;30.2;4;24.21;30.6;3.3;18.36;30.7;2.6;21.83;30.6;2.7;28.77;30.6;2.6;33.65;30.9;4.1
20150701;120;31.5;30.3;4;20.79;30.7;3.1;18.42;30.7;2.8;30.51;30.5;3;30.46;30.6;3;34.95;31;3.6
20150701;135;33.32;30.3;4.1;24.8;30.6;2.7;21.99;30.7;2.7;29.15;30.5;2.8;31.17;30.6;3.3;39.17;31;3.9
20150701;150;36.12;30.3;4.2;27.96;30.7;2.7;22.11;30.6;2.7;28.3;30.5;2.8;31.03;30.6;3.3;39.93;31;3.9
20150702;15;20.59;39.4;2.4;13.78;39;1.7;10.06;38.4;1.9;18.27;36.9;2.2;22.21;35.7;2.3;20.18;34.9;2.5
20150702;30;24.35;39.3;2.9;18.29;39.1;1.7;18.34;38.4;1.9;25.34;36.8;2.9;27.45;35.7;2.8;15.03;34.8;2.5
20150702;45;25.51;39.4;3.6;25.61;39;3;20.05;38.3;1.6;27.49;36.6;3.2;28.67;35.7;3.2;12.71;34.8;2.1
20150702;60;28.16;39.3;4.2;26.96;38.9;3.5;17.76;38.2;1.5;25.76;36.5;2.6;26.65;35.6;2.7;11.38;34.8;1.6
20150702;75;26.5;39.3;3.5;28.61;38.9;3.7;12.36;38.2;1;22.63;36.5;3;20.35;35.4;1.7;10.26;34.7;1.7
20150702;90;26.95;39.3;3.8;25.25;38.8;3;15.65;38.1;2.1;16.13;36.4;1.5;18.4;35.4;2;24.31;34.6;2.9
20150702;105;30.8;39.3;4;26.45;38.8;3.4;21;38;2.7;22.2;36.4;2.6;29.71;35.3;2.5;34.67;34.6;4.2
20150702;120;33.72;39.3;4.3;26.88;38.6;3;24.26;38;2.8;30.76;36.2;2.9;31.31;35.2;2.8;33.92;34.5;3.6
20150702;135;38.31;39.2;4;29.69;38.6;2.6;35.74;37.9;3.4;34.7;36.1;3.2;33.23;35.1;3.5;37.61;34.5;4
20150702;150;39.94;39.2;4;30.09;38.6;2.6;29.36;37.5;3;33.78;36;3.2;34.24;35;3.5;39.76;34.4;3.9
20150703;15;18.39;42.1;2.4;14.06;41.8;1.4;13.7;40.8;1.8;16.43;39.7;2.2;18.54;38.5;2.6;18.33;37.5;2.6
20150703;30;23.6;42.1;2.8;20.87;41.7;1.7;24.26;40.7;2.7;21.24;39.6;2;25.87;38.5;2.8;14.25;37.5;2.7
20150703;45;25.75;42.1;3.6;23.67;41.7;2.7;27.57;40.6;3.4;20.75;39.5;2.2;27.42;38.3;3.3;11.41;37.5;2.3
20150703;60;28.16;42;4.2;26.13;41.6;3.3;27.44;40.6;3.2;16.62;39.4;2.5;25;38.3;2.5;9.52;37.3;1.8
20150703;75;28.17;42.1;3.9;30.31;41.5;4.1;20.74;40.5;2.2;16.81;39.2;3.2;18.93;38.2;1.6;9.47;37.4;1.6
20150703;90;27.04;42;3.9;27.02;41.5;3.3;18.45;40.5;2;13.01;39.2;3.5;18.64;38.1;2;21.42;37.2;2.5
20150703;105;30.87;42;4;26.67;41.4;3.4;21.19;40.4;2.5;24.95;39.2;3.7;29.22;38;2.6;33.69;37.2;4.1
20150703;120;32.93;42;4.2;26.73;41.3;2.9;22.78;40.2;2.7;29.68;39;2.9;30.85;38;3;35.27;37;3.7
20150703;135;36.75;42;4.2;29.57;41.2;2.6;23.67;40.2;2.7;34.12;38.9;3.3;33.19;37.8;3.5;38.98;37;3.9
20150703;150;40.46;41.9;4.1;29.77;41.3;2.6;26.8;40;2.9;34.75;38.8;3.3;34.35;37.7;3.5;40.13;36.9;3.8
20150706;15;17.12;31.1;2.2;9.99;31.3;1.6;7.99;31.1;1.5;13.15;30.9;1.6;14.39;30.5;1.8;16.96;30.1;2.3
20150706;30;23.06;31.1;3.1;15.3;31.3;1.7;15.39;31.2;1.5;19.93;30.8;1.7;22.31;30.4;2.2;11.93;30;1.7
20150706;45;25.52;31;3.7;16.75;31.3;1.3;16.87;31.1;1.5;20.11;30.7;2.3;25.44;30.4;2.8;9.69;30;1.1
20150706;60;28.18;31;4.3;18.35;31.2;1.8;16.45;31.2;1.4;17.94;30.7;2.3;24.17;30.3;3.2;9.05;30;1
20150706;75;27.42;31.1;3.9;25.42;31.3;3;14.67;31.1;1.1;19.26;30.6;2.8;14.57;30.4;3.2;9.67;30;2
20150706;90;27.06;31.2;3.8;22.61;31.3;2.6;15.23;31;2;15.33;30.6;3.1;16.97;30.2;2.3;23.39;29.8;3.4
20150706;105;30.9;31.2;4.3;23.66;31.2;2.7;18.98;31.1;2.4;22.24;30.6;2.8;26.33;30.3;2.6;34.5;29.9;4.1
20150706;120;31.37;31.4;4;17.9;31.2;2.2;15.12;31;2.5;28.02;30.5;2.8;29.29;30.3;2.8;35.97;29.9;3.8
20150706;135;29.62;31.4;3.2;15.27;31.2;2;17.57;31.1;2.3;16.38;30.5;2.4;29.75;30.2;2.6;39.81;29.9;3.8
20150706;150;30.53;31.3;3.3;14.36;31.2;2.1;28.69;31;3.1;14.69;30.5;2.1;29.85;30.1;2.7;40.78;29.8;3.8
20150707;15;17.02;35.4;2.3;9.14;35.5;1.2;10.62;35.1;1.5;13.16;34.4;2;14.44;34;2.1;17.87;33.5;2.4
20150707;30;22.21;35.5;2.7;15.63;35.4;1.5;20.24;35.1;2.1;20.87;34.5;2.1;21.71;33.9;2.3;12.88;33.4;2.5
20150707;45;24.29;35.5;3.5;21.45;35.4;2.4;23.71;35;2.8;21.47;34.4;2.3;24.11;33.9;2.7;9.64;33.4;2.1
20150707;60;27.61;35.5;4.2;24.72;35.4;3.1;26.23;35;2.9;15.97;34.3;2.4;22.33;33.9;2.1;9.05;33.4;1.8
20150707;75;27.18;35.5;3.8;29;35.4;3.8;20.53;34.9;2.1;17.55;34.3;2.6;15.97;33.7;1.5;9.26;33.3;1.5
20150707;90;27;35.5;3.9;25.95;35.3;3.1;17.05;34.9;2.1;13.95;34.2;3.1;17.93;33.6;2;21.16;33.1;2.5
20150707;105;30.39;35.5;3.9;25.12;35.2;3.2;18.2;34.9;2.4;24.29;34.2;3.6;28.31;33.7;2.5;33.72;33.2;4
20150707;120;31.05;35.5;3.9;19.39;35.3;2.7;13.63;34.8;2.5;25.92;34.1;2.5;29.68;33.7;2.8;34.82;33.2;3.5
20150707;135;29.79;35.5;3.2;14.95;35.2;2.2;15.01;34.7;2.2;15.07;34.1;2.3;30.82;33.6;3.1;38.05;33.2;3.8
20150707;150;30.81;35.5;3.4;13.64;35.2;2.1;14.91;34.6;2.3;13.76;34;2.1;30.68;33.6;3.1;39.62;33;3.8
20150708;15;15.24;36;2.2;9.03;36.1;1.5;8.07;35.8;1.4;13.61;35.3;2.3;13.32;34.9;1.6;14.6;34.5;2
20150708;30;22.49;36;3;11.37;36;1.5;15.14;35.8;1.5;21.44;35.3;2.3;20.29;34.8;2.1;14.06;34.3;1.6
20150708;45;24.07;36;3.5;8.94;36;0.8;18.45;35.8;1.6;22.44;35.3;2.4;22.85;34.7;2.4;11.96;34.4;1.8
20150708;60;27.53;36;4.1;13.15;36;0.8;17.36;35.8;1.5;20.2;35.3;2.3;21.12;34.8;1.8;11.01;34.3;2.5
20150708;75;25.92;36;3.7;23.75;36.1;2.5;15.09;35.7;1.2;18.04;35.1;2.9;15.05;34.7;1.5;9.13;34.2;2
20150708;90;29.79;36;3.8;20.72;36;2.2;15.08;35.7;1.9;13.59;35.1;3.2;16.05;34.7;1.9;20.61;34.3;2.4
20150708;105;30.62;36.1;4.3;23.07;36;2.6;18.15;35.6;2.3;24.24;35.1;3.4;27.09;34.7;2.4;32.58;34.2;3.9
20150708;120;31.26;36.1;3.9;17.73;36;2.2;14.25;35.6;2.3;25.44;35.1;2.6;28.69;34.6;2.4;36.06;34.2;4
20150708;135;29.83;36.2;3.2;14.23;35.9;2;15.5;35.6;2.2;14.59;35;2.3;29.36;34.6;2.6;40.54;34.2;3.9
20150708;150;30.58;36.1;3.3;13.52;35.9;2;15.99;35.5;2.2;13.59;35;2.1;29.83;34.5;2.8;41.72;34.1;3.8
20150710;15;15.38;30.5;2;8.31;30.6;1.2;6.73;30.7;1.4;12.85;30.7;1.9;13.23;30.5;1.7;13.85;30.6;2.2
20150710;30;21.02;30.5;2.8;13.13;30.6;1.5;16.92;30.7;2.1;18.4;30.6;1.7;19.54;30.6;2.3;13.08;30.5;2.3
20150710;45;24.04;30.5;3.7;18.9;30.6;2.1;21.38;30.8;2.5;17.98;30.7;1.8;23.02;30.6;2.8;11.63;30.5;2.1
20150710;60;27.22;30.5;4.2;22.9;30.5;2.7;24.17;30.7;2.7;15.12;30.5;2.2;22.68;30.6;2.6;9.82;30.5;1.7
20150710;75;36.72;30.5;3.9;28.29;30.7;3.9;20.51;30.6;2;15.27;30.6;3;15.69;30.5;1.8;9.55;30.5;1.6
20150710;90;25.79;30.5;3.8;25.13;30.6;3.1;15.42;30.6;2.1;11.99;30.6;3.2;17.54;30.5;2;22.45;30.5;2.6
20150710;105;29.46;30.5;4.1;24.62;30.6;3.2;16.76;30.6;2.4;25.25;30.6;3.3;28.56;30.5;2.5;33.16;30.5;4.1
20150710;120;29.84;30.5;3.5;18.46;30.6;2.6;13.5;30.6;2.5;24.8;30.5;2.6;29.95;30.5;2.7;35.87;30.5;3.6
20150710;135;29.27;30.5;3.5;14.03;30.7;2.2;13.96;30.6;2.2;14.25;30.5;2.3;30.5;30.5;3.1;38.09;30.5;3.8
20150710;150;30.55;30.6;3.7;13.06;30.7;2;15.9;30.6;2.2;13.59;30.6;2.1;30.88;30.5;3.1;39.03;30.5;3.7
20150712;15;15.22;33.5;1.9;8.02;33.6;1.2;6.44;33.7;1.5;13.01;33.7;1.9;13.1;33.5;1.8;13.25;33.6;2.1
20150712;30;20.92;33.5;2.8;13;33.6;1.7;19.5;33.7;2;17.21;33.7;1.7;19.02;33.5;2.2;12.96;33.5;2.3
20150712;45;23.86;33.5;3.6;17.98;33.6;2.1;21.14;33.8;2.4;17.63;33.7;1.9;22.45;33.6;2.8;11.52;33.5;2.2
20150712;60;27.1;33.5;4.2;21.88;33.6;2.6;24.02;33.7;2.7;15;33.6;2.3;22.63;33.6;2.6;10.02;33.5;1.8
20150712;75;36.65;33.5;4;28.12;33.6;3.9;20.01;33.7;2.1;15.02;33.6;3.1;15.3;33.6;1.8;9.42;33.5;1.7
20150712;90;25.6;33.5;3.7;25.03;33.6;3.1;15.1;33.6;2.2;11.5;33.6;3.3;17.5;33.5;2;21.9;33.5;2.7
20150712;105;28.88;33.5;4.2;24.25;33.6;3.2;17.6;33.6;2.5;25.2;33.6;3.4;27.48;33.5;2.5;32.8;33.5;4
20150712;120;30.01;33.5;3.4;17.86;33.6;2.7;13.05;33.6;2.5;24.62;33.5;2.7;29.53;33.5;2.7;35.82;33.5;3.5
20150712;135;29.03;33.5;3.4;14.01;33.7;2.3;13.8;33.6;2.3;14.2;33.5;2.3;30.52;33.5;3.2;38;33.5;3.8
20150712;150;30.2;33.6;3.6;14.06;33.7;2;15.8;33.6;2.3;13.4;33.5;2;30.8;33.5;3.2;38;33.5;3.7
20150714;15;15.42;34.5;1.8;8.44;34.6;1.3;6.85;34.7;1.5;13.56;34.7;2;13.24;34.5;1.8;14.21;34.5;2.2
20150714;30;21.06;34.5;2.7;13.56;34.6;1.7;20.13;34.7;2;17.32;34.7;1.8;19.02;34.5;2.2;13.46;34.5;2.4
20150714;45;23.9;34.5;3.7;18.45;34.6;2.1;21.56;34.7;2.5;17.88;34.7;1.9;22.56;34.5;2.8;12.85;34.5;2.3
20150714;60;27.62;34.5;4.2;22.01;34.6;2.7;24.2;34.7;2.7;15.26;34.7;2.3;22.8;34.6;2.7;11.04;34.5;1.9
20150714;75;36.76;34.5;3.9;29;34.6;3.9;20.32;34.7;2.2;15.43;34.6;3.1;15.4;34.6;1.8;10.24;34.5;1.7
20150714;90;25.8;34.5;3.7;25.63;34.6;3.1;15.63;34.7;2.1;12.04;34.6;3.3;18.01;34.5;2;22.35;34.5;2.8
20150714;105;33.62;34.5;4.2;33.78;34.6;3.2;33.78;34.6;2.5;33.73;34.6;3.4;27.86;34.5;2.5;33.26;34.5;4
20150714;120;30.24;34.5;3.4;18.26;34.6;2.7;13.45;34.6;2.6;24.83;34.6;2.7;30.08;34.5;2.7;35.9;34.5;3.4
20150714;135;30.01;34.5;3.4;14.76;34.6;2.3;14.03;34.6;2.3;14.86;34.6;2.3;30.87;34.5;3.2;38.06;34.5;3.8
20150714;150;30.52;34.5;3.5;14.82;34.7;2;16.02;34.6;2.2;13.55;34.5;2;31.07;34.5;3.2;38.24;34.5;3.8
20150718;15;18.32;33.1;2.1;10.42;33.2;1.5;16.1;33.2;1.9;16.78;33;2.1;17.3;32.8;1.9;21.14;32.4;2.5
20150718;30;22.4;33.1;2.5;15.26;33.3;1.5;26.03;33.2;3;21.01;33;2.1;23.04;32.8;2.5;15.22;32.3;2.5
20150718;45;22.93;33.1;3.1;21;33.3;2.3;28.47;33.2;3.4;21.98;33;2.3;24.19;32.7;2.7;12.34;32.4;2.3
20150718;60;26.13;33.1;4;24.02;33.3;2.9;28.63;33.2;3.5;23.2;33;2.7;22.95;32.6;2.6;11.21;32.3;1.8
20150718;75;26.1;33.1;3.8;27.55;33.3;3.7;23.54;33.2;2.5;24.12;33;2.6;15.46;32.6;2.2;9.29;32.3;1.6
20150718;90;25.34;33.1;3.7;23.86;33.2;2.9;19.04;33.2;2;21.55;33;2;17.95;32.6;2;22;32.3;2.6
20150718;105;29.22;33.1;3.9;24.12;33.2;3.1;19.23;33.1;2.2;21.87;33;2.9;29;32.6;2.3;32.7;32.3;3.9
20150718;120;30.04;33.1;3.7;18.66;33.2;2.6;14.22;33.1;2.5;26.15;33;2.6;30.24;32.6;2.9;35.02;32.1;3.6
20150718;135;30.66;33.2;3.3;15.21;33.2;2.2;14.89;33.1;2.1;15.23;33;2.1;30.78;32.6;3;36.83;32.1;3.8
20150718;150;30.55;33.2;3.6;13.87;33.2;2;15.04;33.1;2.3;13.46;32.9;1.9;30.98;32.5;3;38.9;32.1;3.9
20150720;15;17.27;35.2;2.2;9.26;35.3;1.4;15.22;35.2;2;16.07;35;2;16.88;34.7;2;19.4;34.4;2.4
20150720;30;21.6;35.2;2.5;14.97;35.4;1.5;25.61;35.3;2.9;20.7;34.9;2.1;22.08;34.7;2.4;13.69;34.3;2.5
20150720;45;22.8;35.2;3.2;20.31;35.4;2.2;27.88;35.2;3.5;21.44;35;2.3;23.61;34.6;2.7;11.67;34.3;2.2
20150720;60;25.91;35.1;4.1;23.35;35.4;2.9;28.3;35.2;3.5;22.27;34.9;2.6;22.48;34.6;2.6;9.38;34.3;1.7
20150720;75;24.54;35.2;3.7;27.13;35.3;3.8;22.85;35.2;2.5;23.36;34.9;2.5;14.88;34.5;2;9.29;34.3;1.6
20150720;90;24.5;35.2;3.8;23.53;35.4;2.9;17.88;35.3;1.9;20.64;34.9;2;17.03;34.6;2;21.5;34.3;2.5
20150720;105;28.69;35.2;3.8;23.92;35.3;3.2;18.34;35.2;2.3;20.86;34.9;3;28.41;34.5;2.4;32.12;34.3;4
20150720;120;29.83;35.3;3.8;17.98;35.3;2.6;13.55;35.1;2.5;25.49;34.9;2.5;29.52;34.6;2.8;34.17;34.1;3.6
20150720;135;29.41;35.3;3.4;14.3;35.3;2.1;14.32;35.1;2.2;14.53;34.9;2.1;30.39;34.5;3.1;36.4;34.2;3.7
20150720;150;30.36;35.4;3.5;13.11;35.2;2;14.26;35.1;2.2;12.95;34.8;1.8;30.44;34.4;3;38.71;34.2;3.7
20150722;15;15.71;33.6;2.1;8.55;33.7;1.2;13.09;33.4;1.8;15.04;33;2;14.76;32.7;1.9;17.59;32.4;2.5
20150722;30;20.95;33.6;2.7;16.63;33.7;1.6;23.47;33.3;2.3;18.48;32.9;1.9;20.45;32.7;2.3;13.59;32.5;2.5
20150722;45;22.65;33.6;3.3;21.17;33.7;2.4;26.21;33.3;3.3;17.98;32.8;1.9;23.08;32.6;2.7;11.83;32.5;2.2
20150722;60;25.88;33.6;4.1;25.31;33.6;3.5;27.62;32.2;3.5;15.89;32.8;2.1;21.45;32.5;2.6;9.76;32.4;1.7
20150722;75;24.35;33.6;3.7;28.83;33.6;4.1;21.31;33.2;2.4;16.87;32.8;2.9;14.31;32.6;1.7;10.26;32.5;1.6
20150722;90;24.59;33.7;3.8;24.05;33.5;2.9;16.74;33.2;1.9;12.43;32.8;3.2;17.02;32.6;1.9;23.54;32.3;2.9
20150722;105;29.46;33.7;3.8;23.93;33.6;3.2;17.86;33.1;2.3;23.93;32.8;3.5;28.03;32.5;2.4;32.9;32.4;4.1
20150722;120;30.29;33.8;4;18.18;33.6;2.6;13;33.1;2.4;24.92;32.7;2.7;29.66;32.6;2.7;34.37;32.2;3.6
20150722;135;29.82;33.8;3.4;14.48;33.5;2.1;14.37;33;2.2;15.07;32.7;2.4;30.37;32.5;3;36.74;32.2;3.8
20150722;150;30.72;33.7;3.5;13.18;33.5;2;14.3;33;2.1;13.35;32.7;2.1;30.78;32.5;3;38.87;32.2;3.8
20150724;15;16.46;34;2.4;6.79;34;1.4;8.52;33.8;1.1;14.45;33.4;2.3;12.87;33;2;16.85;32.6;2.3
20150724;30;21.07;3.9;2.9;8.11;33.9;1.7;17.91;33.7;2;18.57;33.3;2.5;18.43;33;2.1;13.68;32.7;1.5
20150724;45;22.33;33.9;3.5;7.97;34;0.9;21.52;33.7;2.5;17.91;33.2;2;21.58;32.9;2.4;10.64;32.6;1.1
20150724;60;25.57;34;4.3;12.81;33.9;0.8;23.16;33.7;2.8;14.72;33.2;1.3;20.66;32.9;2.9;8.31;32.6;0.9
20150724;75;23.87;34;3.8;22.43;34;2.6;20.17;33.6;2.4;16.14;33.2;1;12.73;32.8;2.9;8.29;32.5;0.9
20150724;90;24.15;33.9;3.8;18.61;33.8;2.2;15.36;33.6;2.3;12.67;33.1;1;16.59;32.8;1.9;10.49;32.6;2.1
20150724;105;29.41;34;4.4;21.28;34;2.5;16.01;33.7;2.3;21.17;33.2;2.9;26.7;32.8;2.4;24.73;32.6;3.5
20150724;120;30.64;33.9;3.9;16.29;33.8;2.1;13.45;33.5;2.3;25.56;33;3;29.05;32.9;2.7;35.27;32.6;4.1
20150724;135;29.4;33.9;3.2;14.18;33.9;1.9;15.95;33.5;2.2;15.6;33.1;2.3;29.07;32.8;2.6;36.11;32.5;3.7
20150724;150;30.29;34;3.3;13.19;33.8;2;17.35;33.5;2.1;13.8;33;2;29.32;32.8;2.6;39.54;32.5;3.8
20150726;15;17.5;32.4;2;8.5;32.5;1.8;9.18;32.5;1.5;14.3;32;1.7;10.55;31.5;1.7;16.14;31.2;2.5
20150726;30;20.88;32.4;3;11.49;32.6;1.9;15.28;32.5;1.5;18.5;31.9;1.7;17.56;31.5;2;12.96;31.1;1.4
20150726;45;22.5;32.4;3.6;12.76;32.6;1.4;16.63;32.5;1.4;23.56;31.9;2.5;19.76;31.5;2;9.71;31.1;1
20150726;60;25.22;32.4;4.2;14.8;32.5;1.1;16.21;32.5;1.2;23.53;31.9;2;20.81;31.4;2.4;6.62;31.2;0.8
20150726;75;22.63;32.5;3.8;23.42;32.5;2.7;11.78;32.5;0.8;21.66;31.7;1.7;14.19;31.4;2.5;9.72;31.1;2.1
20150726;90;23.34;32.4;3.9;18.47;32.5;2.3;13.78;32.4;1.9;18.5;31.7;1.9;16.71;31.4;1.8;23.94;31.1;3.3
20150726;105;28.89;32.5;4.3;20.34;32.5;2.4;16.91;32.4;2.3;20.54;31.7;2.2;27.34;31.3;2.3;32.98;31.1;4.3
20150726;120;30.19;32.5;4;15.73;32.5;2.1;13.55;32.5;2.3;26.06;31.7;2.9;29.6;31.3;2.5;36.28;31;3.9
20150726;135;29.5;32.4;3.3;14.13;32.5;1.9;16.99;32.5;2.2;15.74;31.7;2.4;30.35;31.4;2.8;40.03;31;4
20150726;150;30.43;32.5;3.3;13.47;32.5;2;17.26;32.4;2.2;13.91;31.6;2;30.46;31.3;2.8;40.44;31;3.9
20150729;15;20.12;32.3;2.2;16.8;32.3;1.8;18.31;32.3;1.2;20.46;31.9;2.4;18.32;31.7;2.2;23.01;31.4;2.6
20150729;30;22.56;32.3;3.1;18.34;32.3;2;20.45;32.3;2.2;23.4;31.9;2.4;22.32;31.6;2.2;24.62;31.4;3
20150729;45;23.44;32.3;3.6;19.82;32.3;1.6;23.15;32.2;2.6;19.24;31.9;1.9;23.58;31.6;2.6;25.03;31.4;2.7
20150729;60;25.3;32.3;4.1;19.12;32.4;2;23.85;32.2;2.9;14.22;31.8;1.2;20.36;31.5;2.9;16.4;31.4;1.2
20150729;75;22.9;32.3;3.9;23.85;32.4;2.9;16.02;32.1;2.7;15.86;31.8;1;13.04;31.5;2.9;13.2;31.4;2.1
20150729;90;23.56;32.3;3.8;19.22;32.4;2.4;14.87;32;2.4;13.42;31.8;1.2;16.98;31.5;2;25;31.4;3.6
20150729;105;28.92;32.3;4.2;20.25;32.4;2.3;17.23;32;2.2;21.41;31.8;2.7;26.33;31.5;2.5;33.75;31.4;4.2
20150729;120;30.45;32.3;4;16.22;32.4;2.1;14.31;31.9;2.2;27.65;31.8;2.8;29.02;31.5;2.8;34.93;31.4;3.9
20150729;135;29.94;32.3;3.2;15.23;32.4;1.9;15.64;31.9;2;16.03;31.7;2.1;29.76;31.4;2.6;39.68;31.4;3.7
20150729;150;30.78;32.3;3.5;13.95;32.4;2;15.04;31.9;1.9;14.75;31.7;1.9;30.11;31.4;2.7;39.13;31.4;3.9
20150731;15;18.2;35.3;2.3;14.65;34.7;1.8;16.23;33.7;1.3;19.45;32.2;2.4;17.52;31.2;2.3;22.01;30.4;2.5
20150731;30;21.98;35.3;3.3;18.02;34.5;2;20.12;33.5;2.2;22.43;32.2;2.5;21.65;31.1;2.2;24.45;30.3;3
20150731;45;23.13;35.3;3.6;18.66;34.5;1.7;22.98;33.5;2.5;18.97;32;1.9;23.78;31;2.6;25.43;30.3;2.7
20150731;60;25.32;35.2;4.1;19.14;34.5;2.2;23.74;33.3;2.8;14.23;32;1.3;20.54;31;3;16.32;30.2;1.3
20150731;75;22.97;35.2;3.9;23.94;34.4;2.8;15.78;33.3;2.8;15.64;32;1;12.86;31;2.9;13.01;30.2;2.1
20150731;90;23.41;35.2;3.8;19.25;34.3;2.4;15.02;33.2;2.4;13.04;31.9;1;16.85;30.9;1.9;25.21;30.1;3.5
20150731;105;29.2;35;4.3;20.23;34.2;2.4;17.56;33;2.1;21.45;31.8;2.6;26.31;30.7;2.4;33.87;30.1;4.1
20150731;120;30.46;35;4;16.43;34.1;2.1;14.17;33;2.2;27.45;31.7;2.8;29.11;30.7;2.6;34.95;30;3.8
20150731;135;30.21;34.9;3.2;14.76;34;2;15.46;32.9;1.9;16.17;31.5;2.3;29.46;30.6;2.6;39.73;30;3.9
20150731;150;30.56;35;3.6;13.84;34;2.1;14.98;32.7;1.8;14.65;31.4;2;30.02;30.7;2.7;39;29.8;3.9
20150802;15;17.16;33.3;2.3;11.77;33.3;1.8;13.3;33.1;1.1;19;32.5;2.3;17.28;32.1;2.2;22.89;31.8;2.7
20150802;30;21.83;33.2;3.2;17.97;33.3;2;19.8;33.1;2.1;22.34;32.5;2.4;21.1;32;2.2;24.02;31.8;2.9
20150802;45;22.89;33.2;3.7;18.33;33.3;1.6;22.49;33.1;2.5;18.1;32.5;1.9;23.27;32.1;2.5;24.97;31.7;2.8
20150802;60;24.89;33.2;4.2;18.71;33.4;2;23.17;33.1;2.8;13.85;32.4;1.2;19.99;32;3;15.72;31.7;1.2
20150802;75;22.59;33.3;3.8;23.42;33.4;2.8;15.57;33;2.7;15.4;32.4;0.9;12.23;31.9;2.9;12.1;31.7;2
20150802;90;23.11;33.2;3.8;18.65;33.3;2.3;14.4;33;2.4;12.7;32.3;0.9;16.04;32;1.9;24.73;31.7;3.6
20150802;105;28.87;33.2;4.4;19.96;33.3;2.3;16.73;33;2.1;20.9;32.3;2.7;25.98;32;2.4;33.39;31.7;4.2
20150802;120;30.15;33.2;4.1;15.88;33.3;2.1;13.63;32.9;2.1;27.24;32.3;2.8;28.79;32;2.7;34.88;31.6;3.8
20150802;135;29.58;33.3;3.3;14.21;33.2;1.9;15.16;32.9;1.9;15.84;32.2;2.2;29.15;31.9;2.6;39.27;31.6;3.8
20150802;150;30.26;33.3;3.6;13.35;33.2;2;14.5;32.9;1.8;14.21;32.2;1.9;29.42;31.9;2.7;40.09;31.5;3.8
