Date;Horizon;M_S1_Moisture;M_S1_Temperature;M_S1_Salinity;M_S2_Moisture;M_S2_Temperature;M_S2_Salinity;M_S3_Moisture;M_S3_Temperature;M_S3_Salinity;T_S4_Moisture;T_S4_Temperature;T_S4_Salinity;T_S5_Moisture;T_S5_Temperature;T_S5_Salinity;T_S6_Moisture;T_S6_Temperature;T_S6_Salinity
20150423;15;26.93;22.5;3.1;19.99;22.8;1.3;19.92;23.2;1.3;11.47;23.5;1.4;20.21;23.9;2.3;16.53;24;2.3
20150423;30;23;22.5;2.6;21.87;22.9;1.9;13.9;23.4;0.9;15.94;23.7;1.8;18.83;23.9;2.8;13.89;24;2.2
20150423;45;23.84;22.4;3;22.06;22.9;2.9;15.95;23.3;1.3;15.94;23.7;2.5;18.08;24;2.8;15.88;24.1;2.3
20150423;60;21.98;22.5;3.1;21.84;22.9;3;14.5;23.5;1.6;18.57;23.7;3.1;12.61;24;2.1;26.17;24.1;3.2
20150423;75;17.36;22.5;2.6;26.56;23.1;3.1;10.6;23.5;1.9;26.86;23.6;2.8;12.04;24;1.5;27.52;24.1;2.3
20150423;90;22.46;22.6;3;26.76;23;2.5;11.69;23.5;2.4;29.54;23.6;2.8;19.19;24;1.6;32.27;24.1;3.8
20150423;105;27.27;22.6;4.2;26.14;23;2.6;11.39;23.5;2.6;32.49;23.7;2.7;26.33;24.1;2.5;32.21;24.1;4.1
20150423;120;29.54;22.5;4.3;31.17;23;3.5;21.99;23.5;2.2;39.41;23.7;3.2;32.06;24;3.8;34.04;24.1;4.2
20150423;135;30.61;22.6;3.9;34.7;23;3.7;53.9;23.5;3.2;40.2;23.7;3.3;36.1;24;4.1;34.95;24.1;4.3
20150423;150;30.93;22.7;4;34.54;23;3.7;7.94;23.5;3.2;40.94;23.7;3.4;37.62;24;4.1;34.74;24.1;4.3
20150425;15;25.16;25.7;2.9;18.63;25.8;1.3;20.35;25.7;1.4;10.14;25.5;1.4;20.09;25.4;2.3;18.99;25.2;2.1
20150425;30;22.88;25.7;2.8;18.09;25.8;1.6;13.22;25.7;0.9;14.05;25.6;1.5;20.4;25.3;2.7;13.66;25.3;2.2
20150425;45;23.72;25.8;3.1;19.38;25.9;2.6;13.21;25.8;1.1;18.73;25.6;2;22.35;25.4;2.3;12.12;25.2;1.8
20150425;60;22.22;25.7;3.3;20.87;25.9;3;13.05;25.7;1.5;18.73;25.5;2.6;24.26;25.4;2.3;27.3;25.1;3.3
20150425;75;17.27;25.8;2.6;25.83;25.9;3.1;10.41;25.7;2;31.34;25.5;3.2;22.76;25.3;1.7;32.61;25.1;3.5
20150425;90;21.68;25.8;2.9;27.71;25.9;2.8;11.64;25.8;2.5;30.3;25.6;2.7;24.59;25.4;2.2;34.12;25.2;3.7
20150425;105;27.31;25.8;4.1;26.71;25.8;2.7;11.21;25.7;2.6;32.93;25.5;2.8;29.31;25.4;3.2;33.18;25.2;3.8
20150425;120;29.69;25.9;4.2;31.3;25.8;3.4;19.42;25.7;2.2;36.86;25.5;3.1;31.05;25.3;3.6;32.72;25.1;3.6
20150425;135;30.1;25.9;3.8;31.17;25.8;3.6;32.93;25.6;2.8;39.59;25.5;3.3;34.26;25.2;4.1;33.64;25;3.9
20150425;150;30.24;25.9;3.8;32.09;25.9;3.7;36.14;25.6;2.9;40.05;25.5;3.3;35.49;25.2;4.1;33.22;25.1;3.9
20150429;15;25.16;24.2;2.9;18.86;24.4;1.5;23.12;24.7;1.6;11.41;25.1;1.5;20.78;25.4;2.2;16.25;25.5;2
20150429;30;22.97;24.2;2.6;17.14;24.5;1.6;17.87;24.8;1.1;8.27;25.2;1;17.73;25.4;1.3;13.48;25.5;2
20150429;45;23.28;24.2;2.8;19.83;24.5;2.8;20.51;25;1.5;12;25.3;1;19.88;25.5;1.4;15.65;25.5;2.2
20150429;60;21.9;24.3;3;20.4;24.5;2.8;15.74;24.9;1.5;20.65;25.3;1.9;12.71;25.5;1.1;26.7;25.5;3
20150429;75;17.35;24.3;2.5;25.97;24.5;3.2;10.71;24.9;1.7;30.94;25.3;3;8.76;25.4;1.4;26.87;25.5;2.1
20150429;90;22.75;24.3;3.1;27.4;24.5;2.9;12.17;24.9;2.1;30.51;25.4;2.7;15.81;25.5;1.7;29.69;25.4;3.4
20150429;105;27.5;24.3;4.1;26.27;24.6;2.7;11.24;25;2.5;32.24;25.3;2.6;26.03;25.5;2.9;33.09;25.4;4.1
20150429;120;29.05;24.3;4.1;30.8;24.5;3.5;16.88;24.8;2.2;38.99;25.3;3;30.57;25.5;3.9;32.58;25.3;3.9
20150429;135;28.39;24.3;3.5;30.82;24.6;3.6;26.94;25;2.3;39.46;25.3;3.2;34.3;25.5;4.2;34.2;25.4;4.2
20150429;150;28.39;24.2;3.5;31.02;24.6;3.7;27.2;25;2.3;39.9;25.4;3.3;35.92;25.5;4.2;34.04;25.3;4.2
20150502;15;26.51;20.6;3.1;18.52;21.2;1.6;24.76;21.6;2;10.52;22.1;1.4;18.75;22.5;2.3;17.04;22.8;1.7
20150502;30;23.35;20.5;2.9;16.66;21.1;1.5;19.07;21.7;1.3;11.13;22.1;1.2;18.18;22.5;2.9;14.47;22.9;1.5
20150502;45;24.13;20.7;3.2;19.2;21.2;2.3;20.11;21.8;1.3;18.61;22.3;1.9;18.04;22.5;2.8;16.68;22.8;1.2
20150502;60;22.21;20.6;3.2;22.93;21.3;2.1;16.25;21.8;1.4;26.5;22.2;3;17.45;22.5;2.3;28.51;22.9;3.3
20150502;75;17.26;20.6;2.7;26.28;21.3;2.4;10.23;21.8;1.8;29.6;22.2;3;21.16;22.5;1.8;31.04;22.9;3.6
20150502;90;22.81;20.7;3.2;28.19;21.3;2.8;11.78;21.8;2.5;29.47;22.3;2.8;25.03;22.5;2.3;29.87;22.9;3.3
20150502;105;27.19;20.7;4.3;29.1;21.4;3.2;10.23;21.9;2.8;30.98;22.3;2.6;28.73;22.6;3.1;28.88;22.9;3.2
20150502;120;29.34;20.7;4.3;31.8;21.4;3.6;14.56;21.9;2.4;36.97;22.4;3.1;31.54;22.6;3.8;31.87;23;4.2
20150502;135;28.79;20.8;3.7;31.26;21.5;3.6;25.97;22;2.5;38.97;22.4;3.3;35.87;22.6;4.1;34.64;23;4.1
20150502;150;28.64;20.8;3.7;31.97;21.5;3.7;27.93;21.9;2.5;38.91;22.4;3.3;36.89;22.7;4.1;34.35;23;4.2
20150505;15;25.39;28;3;18.14;28.8;1.6;20.71;29.1;1.6;11.44;29.1;1.8;19.56;29.2;2.3;15.54;29.2;1.9
20150505;30;22.52;28;2.9;18.23;28.9;1.6;13.12;29.2;0.9;12.47;29.1;1.4;18.61;29.3;2.8;11.53;29.1;2
20150505;45;23.43;28.1;3.4;19.27;29;2.2;15.46;29.1;1;18;29.1;1.8;21.18;29.3;2.2;13.36;29.1;1.8
20150505;60;20.77;28.2;3.2;23.6;29;2.2;22.33;29.2;2;25.41;29.2;3.2;22.71;29.2;2.1;28.05;29.1;3.3
20150505;75;17.57;28.3;2.7;27;29;2.6;17.68;29.3;2.5;29.77;29.2;2.8;22.06;29.3;1.8;33.25;29.1;3.6
20150505;90;22.36;28.4;3.3;28.35;29;2.8;14.09;29.3;2.5;27.99;29.2;2.6;25.97;29.3;2.5;34.62;29.1;4
20150505;105;27.02;28.4;4.4;29.58;29.1;3.4;10.9;29.2;2.8;29.21;29.1;2.7;29.25;29.3;3.2;32.99;29.1;4
20150505;120;28.96;28.5;4.5;31.22;29.1;3.5;14.03;29.1;2.5;35.53;29.2;3.2;31.55;29.1;3.9;33.33;29.1;4
20150505;135;28.9;28.6;3.9;31.04;29.2;3.7;26.57;29.1;2.5;40.89;29.2;3.4;35.67;29.2;4.2;34.92;29;4.2
20150505;150;28.54;28.5;3.9;30.6;29.1;3.7;28.55;29.1;2.6;41.12;29.3;3.5;36.54;29.1;4.2;34.68;29;4.2
20150507;15;24.59;28.6;3.1;21.01;29.3;2.7;22.06;29.7;2.6;10.93;29.9;1.9;20.02;30;2.2;17.63;30.1;2
20150507;30;22.31;28.7;3;23.98;29.3;2.5;16.35;29.7;2.7;9.15;30;1.5;18.17;30;2.8;14.33;30.1;2
20150507;45;23.54;28.6;3.4;24.8;29.3;2.3;24.71;29.8;2.9;11.06;30;2.3;17.23;30.1;2.8;17.09;30.2;1.2
20150507;60;21.03;28.7;2.9;21.92;29.4;1.6;25.82;29.8;2.6;20.21;30.1;2.7;12.17;30.1;2.1;28.28;30.1;3.4
20150507;75;16.93;24.8;2.5;25.85;29.5;2.3;16.23;29.9;2.3;25.62;30;2.2;13.43;30.2;1.5;32.6;30.1;4
20150507;90;22.08;28.9;3;28.61;29.5;2.9;14.79;29.9;2.4;28.3;30;2.7;20.02;30.1;1.8;33.61;30.1;3.9
20150507;105;27.01;20.9;4;30.49;29.5;3.7;11.67;29.9;2.7;29.41;30;2.7;25.74;30.1;2.5;32.45;30.1;4
20150507;120;29.23;29;4.1;32.93;29.5;3.7;14.46;29.9;2.5;35.54;30;3.4;31.29;30.1;3.9;32.29;30.1;4.1
20150507;135;29.14;29;3.8;31.83;29.6;3.7;27.18;29.9;2.6;41.27;30;3.5;35.49;30;4.2;34.9;30.2;4.3
20150507;150;28.81;29;3.8;31.35;29.6;3.8;28.84;29.9;2.7;41.25;30.1;3.6;37.03;30;4.2;34.84;30.2;4.3
20150511;15;24.43;24.5;3.3;20.31;25.3;1.7;20.9;25.7;2;11.45;26.1;1.4;19.19;26.5;2.1;17.87;26.7;2.2
20150511;30;22.71;24.6;3.6;24;25.2;2.2;13.54;25.8;1;15.95;26.2;1.8;16.71;26.5;3;12.06;26.7;2.2
20150511;45;23.14;24.6;3.3;25.23;25.3;3.1;13.84;25.8;1.2;19.51;26.2;2.7;17.34;26.5;2.8;13.62;26.6;1.9
20150511;60;20.62;24.7;2.7;25.02;25.3;3.3;19.29;25.8;1.6;23.23;26.3;3.2;11.3;26.6;2;27.82;26.7;3.4
20150511;75;17.66;34.7;2.9;28.46;25.4;3.6;15.55;25.9;2.4;26.52;26.3;2.6;8.56;26.6;1.4;33.01;26.7;3.7
20150511;90;21.76;24.8;3.7;29.05;25.5;3.2;14.62;25.9;2.6;27.92;26.3;2.6;15.54;26.6;1.4;34.36;26.7;4.1
20150511;105;26.52;24.8;4.3;29.69;25.5;3.3;10.71;26;2.9;29.63;26.3;2.7;24.01;29.7;2.2;33.2;26.8;4.2
20150511;120;28.09;24.9;4.1;31.88;25.5;3.6;13.68;26;2.5;36.05;26.4;3.3;29.4;26.6;3.5;33.23;26.7;4.2
20150511;135;28.3;24.9;3.6;30.8;25.5;3.3;22.85;26;2.4;40.72;26.4;3.5;33.55;26.6;4.1;35.97;26.7;4.5
20150511;150;27.82;25;3.5;30.73;25.6;3.4;25.44;26;2.5;41.37;26.4;3.5;34.3;26.7;4.1;36.31;26.6;4.6
20150515;15;24.88;30.1;3.3;19.94;30.6;1.8;23.87;31.1;2.6;11.68;31.3;2;20.14;31.2;2.2;14.93;31.2;1.5
20150515;30;22.68;30.1;3.5;24.15;30.8;2.5;14.17;31.2;2.2;15.92;31.3;1.5;19.49;31.2;1.9;13.17;31.2;1
20150515;45;22.82;30.1;3.3;25.97;30.9;3.3;16.01;31.1;2.1;19.98;31.3;2;22.08;31.2;2;14.05;31.1;0.8
20150515;60;20.39;30.3;2.7;24.45;30.39;3.3;18.7;31.2;2.1;24.89;31.3;2.5;19.93;31.2;1.4;26.75;31.2;2.8
20150515;75;16.04;30.3;2.8;26.94;30.9;3.5;17.32;31.2;1.9;26.86;31.3;2.3;14.16;31.3;1.5;29.03;31.2;3.2
20150515;90;21.9;30.4;3.7;26.82;31;2.7;13.5;31.2;1.1;29.1;31.2;2.7;20.32;31.1;2.1;28.55;31.1;3.1
20150515;105;26.42;30.4;4.2;28.06;31;3.1;11.17;31.3;1.2;31.94;31.3;3.4;28.56;31.2;3.3;27.5;31.2;2.8
20150515;120;28.31;30.4;4;31.86;31;3.7;13.22;31.2;1.3;37.23;31.3;3.6;30.28;31.2;3.8;30.74;31.1;4
20150515;135;28.24;30.4;3.7;31.22;31;3.7;21.81;31.2;2.2;39.28;31.2;3.4;34.15;31.2;4.3;36.44;31.1;4.3
20150515;150;27.89;30.5;3.6;31.31;31;3.7;23.71;31.3;2.3;39.51;31.2;3.5;34.21;31.1;4.2;36.4;31.1;4.4
20150519;15;24.97;26.3;3.3;18.28;26.4;2.4;23.84;26.8;2.5;11.45;26.9;2;19.08;26.9;1.9;18.09;27;1.8
20150519;30;22.54;26.2;3.2;17.33;26.6;2.1;19.85;26.8;2.1;14.97;27;1.4;16.43;27;1.1;14.42;27;1.4
20150519;45;22.39;26.2;3.3;18.62;26.6;1.1;24.58;26.8;2.8;17.89;27;1.4;17.01;26.9;1.1;19.4;27;2.4
20150519;60;20.52;26.2;2.6;19.37;26.6;1.1;23.65;26.8;2.8;24.8;26.9;2.3;14.94;27;1.3;29.54;27;3.7
20150519;75;17.75;26.2;2.7;23.82;26.6;2.1;13.29;26.8;2.7;27.57;26.9;2.3;21.06;26.8;2.2;31.15;27;3.4
20150519;90;22.26;26.3;3.2;27.75;26.6;2.8;13.04;26.8;1.6;29.83;27;2.9;25.68;27;2.7;32.28;27.1;3.8
20150519;105;26.81;26.3;4;28.22;26.6;3.4;11.91;26.8;1.8;32.89;26.9;3.3;28.93;26.9;3.3;32.15;27.1;4.1
20150519;120;28.54;26.2;3.8;31.69;26.6;3.7;17.2;26.8;2;37.84;26.9;3.5;30.86;27;3.5;32.65;27.1;4.5
20150519;135;28.51;26.3;3.6;31.84;26.6;3.6;27.99;26.8;2.7;38.56;26.9;3.4;33.75;26.9;4;36.14;27;4.4
20150519;150;28.2;26.4;3.6;32.47;26.6;3.7;28.3;26.9;2.7;38.98;27;3.5;34.22;27;4;36.16;27;4.4
20150526;15;24.56;27.3;3;22.56;28.2;2.2;23.51;29;2.3;14.29;29.4;2;18.72;29.6;2;18.07;29.7;1.9
20150526;30;21.99;27.4;2.9;23.76;28.3;2.5;19.82;29;1.6;6.75;29.4;1;15.88;29.6;0.9;9.81;29.7;1
20150526;45;22.65;27.4;3.1;25.62;28.4;2.5;22.29;29.1;2;5.7;29.5;0.6;15.41;29.7;0.9;13.95;29.8;1.1
20150526;60;20.04;27.5;2.7;24.37;28.5;2;15;29.1;1.5;19.02;29.5;1.1;8.1;29.6;1.1;28.4;29.7;3.2
20150526;75;16.85;27.5;2.6;27;28.6;2.4;9.75;29.2;1.9;27.14;29.5;2.3;7.04;29.7;1.3;33.23;29.8;3.8
20150526;90;21.95;27.6;3;29.31;28.6;3;11.89;29.2;2.3;27.23;29.6;2.3;16.56;29.7;1.6;32.63;29.9;3.7
20150526;105;26.7;27.7;4.1;30.86;28.8;3.7;10.74;29.3;2.4;31.3;29.6;2.9;26.78;29.7;2.9;31.15;29.8;3.6
20150526;120;29.02;27.8;4;33.14;28.8;3.7;16.01;29.2;2;37.22;29.6;3.3;29.87;29.6;3.6;32.96;29.9;4.2
20150526;135;29.12;27.9;3.8;31.88;28.9;3.6;26.06;29.2;2.3;38.8;29.6;3.4;33.74;29.7;4.2;35.93;29.8;4.5
20150526;150;28.75;28;3.8;31.52;28.8;3.8;26.31;29.2;2.3;39.62;29.6;3.5;34.33;29.7;4.2;35.8;29.8;4.4
20150527;15;24.71;26.6;3.2;18.24;27.6;1.5;24.94;28.3;2.5;13.81;28.9;2;20.01;29.3;2.3;16.58;29.7;1.5
20150527;30;21.63;26.7;2.8;18.81;27.7;1.9;17.48;28.4;1.9;6.52;29;1.1;17.7;29.3;1.5;14.11;29.7;1.3
20150527;45;22.02;26.7;3;20.16;27.7;2.8;23.16;28.5;2.5;6.54;29;0.7;20.64;29.4;1.6;15.71;29.7;0.9
20150527;60;20.31;26.8;2.7;20.65;27.8;3;25.31;28.6;2.2;19.4;29;1.4;17.67;29.4;1.3;27.48;29.7;3
20150527;75;17.31;26.9;2.3;26.54;27.9;3.4;15.01;28.6;1.3;29.36;29;2.7;14.19;29.4;1.5;29.01;29.6;3.5
20150527;90;22.69;26.9;3.3;27.67;28;3;13.26;28.6;1.6;29.04;29;2.6;22.39;29.5;2.1;28.88;29.7;3.3
20150527;105;27.28;27.1;4.1;26.62;27.9;2.8;12.08;28.6;2.1;32.34;29.1;2.9;29.51;29.4;3.4;28.67;29.8;3.2
20150527;120;28.81;27.2;3.8;31.11;28;3.8;16.27;28.6;1.9;40.03;29.1;3.3;30.62;29.5;3.8;31.2;29.8;4.3
20150527;135;28.7;27.3;3.7;31.07;28;3.8;25.51;28.8;2.2;38.62;29.1;3.4;34.05;29.5;4.3;36;29.7;4.6
20150527;150;28.42;27.3;3.6;31.35;28.1;3.8;26.03;28.7;2.2;38.96;29.1;3.5;34.54;29.4;4.3;36.15;29.8;4.6
20150529;15;24.35;29.7;3;19.56;30.2;1.6;19.22;30.4;1.5;11.31;30.5;1.9;19.32;30.4;2.2;14.59;30.1;1.6
20150529;30;21.66;29.8;2.9;23.36;30.3;2.3;14.6;30.5;1;16.01;30.5;1.6;15.87;30.3;1.3;10.73;30;1.1
20150529;45;22.75;29.8;3.3;24.57;30.4;2.8;15.05;30.5;1.3;14.26;30.5;1;18;30.4;1.2;13.31;30.1;1
20150529;60;20.21;29.9;3.1;20.3;30.4;3.1;13.15;30.5;1.5;17.85;30.5;1;11.53;30.3;1.1;26.21;30.1;2.7
20150529;75;16.56;30;2.5;26.31;30.4;3.3;9.72;30.5;2.1;26.72;30.5;2.2;8.51;30.3;1.4;29.21;30.1;3.5
20150529;90;21.89;30;3;27.45;30.4;2.9;11.95;30.6;2.5;27.57;30.5;2.3;17.67;30.2;1.9;30.3;30;3.6
20150529;105;26.73;30;4.3;26.55;30.4;2.7;10.52;30.5;2.7;31.52;30.5;2.8;26.28;30.3;3.2;28.96;30;3.4
20150529;120;29.2;30;4.4;31.07;30.5;3.6;15.42;30.5;2.2;37.99;30.4;3.4;29.76;30.2;3.8;33.18;30;4.3
20150529;135;28.53;30.1;3.8;31.03;30.5;3.8;24.07;30.5;2.3;38.45;30.4;3.5;33.73;30.2;4.3;35.92;30;4.4
20150529;150;28.39;30.1;3.8;31.18;30.5;3.8;24.71;30.5;2.2;39.85;30.4;3.6;34.81;30.2;4.3;35.49;30;4.4
20150531;15;24.58;28;3.2;17.86;28.1;2.3;21.23;28.3;2.4;10.29;28.4;1.9;18.46;28.2;2;17.27;28.1;1.9
20150531;30;21.11;27.9;3.2;17.06;28.1;1.7;15.86;28.4;2.6;12.95;28.4;1.6;19.61;28.3;2;14.86;28.1;1.6
20150531;45;21.15;28;2.9;18.54;28.1;1.2;13.91;28.4;1.9;19.83;28.3;2.1;22.08;28.3;2.3;21.16;28.1;2.6
20150531;60;18.75;28;2.3;21.77;28.2;1.9;14.66;28.3;1.7;24.87;28.3;2.5;23.93;28.2;2.5;28.9;28.1;3.4
20150531;75;16.33;28;2.4;27;28.2;2.9;10.88;28.3;1.2;26.98;28.4;2.3;21.21;28.2;2.3;28.6;28.1;3.2
20150531;90;22.5;28;3.6;28.82;28.2;3.1;12.52;28.3;0.9;28.99;28.3;2.7;24.3;28.2;2.6;31.13;28;3.8
20150531;105;26.37;28;3.9;29.76;28.2;3.3;9.81;28.3;1.1;32.38;28.3;3.3;28.43;28.2;3.2;31.61;28.1;4.1
20150531;120;28.28;28;3.8;31.15;28.2;3.6;13.51;28.4;1.4;37.72;28.3;3.6;29.97;28.2;3.6;31.93;28;4.4
20150531;135;28.04;28.1;3.5;28.98;28.2;2.9;22.06;28.4;2.2;38.86;28.3;3.5;33.14;28.2;4;34.86;28;4.4
20150531;150;27.67;28.1;3.4;28.09;28.2;2.9;23.93;28.3;2.3;38.96;28.3;3.6;33.25;28.1;4;34.17;28;4.3
20150601;15;24.17;31;3.3;21.53;31.8;2.7;21.62;32.3;2.4;10.44;32.5;1.4;18.67;32.7;2;17.4;32.9;2.1
20150601;30;21.36;30.9;3;23.01;31.8;2.9;12.6;32.3;1.1;16.2;32.6;1.8;17.95;32.7;2.7;12.24;33;2.2
20150601;45;21.69;31.2;3.3;24.3;32;2.4;15.56;32.4;1.2;20.59;32.6;2.6;16.05;32.8;2.7;15.04;33;1.7
20150601;60;19.71;31.2;2.9;23.91;32;2.3;20.91;32.4;2;24.85;32.7;3;10.77;32.9;1.9;28.31;33;3.3
20150601;75;15.8;31.2;2.5;26.37;32.1;2.7;15.3;32.4;2.5;26.73;32.7;2.7;11.25;32.8;1.4;32.4;33.1;3.8
20150601;90;21.1;31.4;3.1;28.23;32.1;3;14.09;32.5;2.6;28.11;32.7;2.7;17.73;32.8;1.5;33.32;33;4.1
20150601;105;26.55;31.5;4.3;28.7;32;3.5;10.17;32.5;2.9;30.02;32.7;2.7;26.16;32.9;2.5;32.38;33;4.2
20150601;120;28.65;31.5;4.4;30.65;32.2;3.7;13.12;32.5;2.5;35.55;32.7;3.4;30.81;32.9;3.9;33.19;33;4.3
20150601;135;28.22;31.5;4;30.2;32.1;3.8;22.04;32.5;2.5;38.53;32.8;3.5;34.46;32.9;4.2;34.51;33;4.4
20150601;150;28.02;31.6;3.8;29.71;32.1;3.9;23.56;32.5;2.5;38.92;32.8;3.7;35.36;32.9;4.2;34.61;33;4.4
20150603;15;21.4;24.9;3.1;18.77;25.2;2.1;21.4;25.7;2.4;11.6;26.1;2;16.33;26.4;2;13.4;26.5;1.7
20150603;30;21.38;24.9;2.9;20.75;25.3;2.3;13.76;25.6;2.3;14.17;26.2;1.6;15.3;26.5;1.1;13.27;26.5;1.2
20150603;45;21.98;24.8;2.9;25.35;25.4;3;16.22;25.8;2.1;12.74;26.1;1;16.2;26.4;1;8.79;26.5;1.2
20150603;60;20.44;24.9;2.5;23.65;25.4;3.2;22.12;25.7;2.4;16.79;26.2;1.1;10.58;26.5;1.1;21.62;26.5;2.3
20150603;75;15.91;24.9;2.4;26.44;25.4;3.3;19.44;25.8;1.9;23.85;26.2;1.7;8.58;26.5;1.3;31.09;26.5;3.6
20150603;90;19.03;24.8;3.2;27.35;25.4;2.9;12.56;25.8;1.4;26.27;26.2;2.1;14.55;26.5;1.6;32.84;26.6;4.2
20150603;105;25.93;24.9;4.2;27.53;25.5;2.9;12.82;25.9;1.2;30.06;26.2;3;25.77;26.5;3;32.6;26.5;3.8
20150603;120;27.49;24.9;3.9;31.23;25.5;3.5;11.49;25.9;1.1;36.27;26.3;3.8;30.3;26.5;4;33.27;26.5;4.2
20150603;135;28.21;24.9;3.8;30.74;25.5;3.4;20.74;26;2;39.04;26.4;3.4;34.37;26.5;4.3;34.43;26.5;4.2
20150603;150;28.36;25;3.9;30.32;26.5;3.4;24.51;25.9;2.2;38.92;26.4;3.6;35.53;26.6;4.3;33.97;26.5;4.3
20150605;15;21.14;28.1;3;19.53;28.1;2.3;20.99;28.4;2.5;9.9;28.5;1.4;15.6;28.3;2.1;14.06;28.4;1.9
20150605;30;20.96;28.1;3;21;28.2;2.7;12.81;28.4;1;13.52;28.5;1.4;19.41;28.4;2.4;15.09;28.4;2.3
20150605;45;21.96;28.1;3.3;23.47;28.2;2.8;15.09;28.3;1;18.25;28.5;2.1;20.12;28.3;2.2;11.83;28.4;1.9
20150605;60;20.37;28.1;3.1;22.33;28.2;2.2;20.96;28.4;1.8;24.91;28.5;3.2;20.95;28.2;2.2;22.81;28.5;3
20150605;75;15.5;28;2.7;25.24;28.2;2.5;19.72;28.4;2.3;29.74;28.4;3.3;19.53;28.2;1.8;31.44;28.5;3.6
20150605;90;18.59;28;2.8;27.57;28.2;3;12.63;28.4;2.5;29.18;28.5;2.9;22.55;28.3;2.2;32.95;28.5;4
20150605;105;25.46;28.1;4;27.34;28.2;3.1;11.85;28.4;2.8;30.11;28.4;2.8;26.29;28.4;2.9;32.49;28.5;4.2
20150605;120;28.08;28.1;4.4;30.48;28.3;3.6;12.74;28.5;2.4;35.77;28.5;3.3;30.03;28.4;3.8;33.42;28.5;4.2
20150605;135;28.3;28.1;4;30.05;28.2;3.7;20.88;28.4;2.4;39.13;28.5;3.4;34.32;28.3;4.2;34.83;28.5;4.3
20150605;150;28.23;28.1;3.9;30.24;28.3;3.8;24.08;28.4;2.4;39.49;28.4;3.7;35.84;28.4;4.2;35.39;28.5;4.5
20150608;15;20.89;35.4;3;18.03;36.2;1.8;20.31;36.2;2.6;10.28;36;1.6;16.05;35.9;2.2;13.2;35.6;1.6
20150608;30;21.05;35.4;2.9;15.88;36.3;1.4;16.64;36.2;2;7.63;36;1;17.55;36;2;14.84;35.6;1.9
20150608;45;21.64;35.6;3.3;18.76;36.3;2.1;21.47;36.2;2.5;10.15;36.1;1;19.75;35.9;1.8;15.17;35.6;1.3
20150608;60;19.84;35.5;3.3;20.93;36.3;2.2;24.64;36.2;2.5;19.79;36;1.9;21.15;35.9;1.8;23.65;35.7;2.8
20150608;75;15.67;35.8;2.7;24.89;36.4;3.1;15.87;36.1;1.4;29;36;2.9;20.73;35.8;1.9;30.85;35.6;3.5
20150608;90;18.92;35.8;3;27.79;36.4;3.2;11.21;36.2;1.8;29.51;25.9;2.8;23.68;35.8;2.3;30.52;35.6;3.5
20150608;105;25.83;35.8;4.1;25.44;36.3;2.7;12.95;36.1;2.2;30.88;36;2.7;28.18;35.8;3.3;30.41;35.5;3.8
20150608;120;27.92;35.9;4.3;28.75;36.3;3.4;13.41;36;2;36.62;36;3.4;30.23;35.8;3.8;30.25;35.5;3.8
20150608;135;27.68;36;3.6;30.81;36.3;3.8;20.29;36.1;2.2;36.93;36;3.4;32.86;35.8;4.2;34.34;35.5;4.4
20150608;150;27.8;36;3.6;31.18;36.3;3.9;22.09;36;2.1;37.54;35.8;3.6;34.2;35.6;4.3;34.12;35.5;4.4
20150610;15;20;32;2.9;16.78;32.6;2.4;20.45;32.8;2.5;9.46;32.9;1.9;14.39;32.7;2.1;12.52;32.6;1.8
20150610;30;21.64;32;3.4;18.86;32.7;2.2;18.74;32.8;2;11.15;32.8;1.7;18.28;32.7;2;13.85;32.6;1.8
20150610;45;21.4;32;3.1;18.76;32.7;1.9;22.53;32.8;2.8;15.7;32.9;1.9;21.66;32.7;2.5;15.48;32.6;2.2
20150610;60;18.78;32.1;2.5;19.15;32.8;1.6;24.9;32.9;2.6;23.31;32.8;2.7;22.11;32.7;2.5;25.01;32.5;3.5
20150610;75;15.32;32.2;2.3;22.98;32.8;2.1;12.46;32.8;2.3;29.28;32.8;2.9;19.5;32.7;2.3;30.72;32.6;3.1
20150610;90;19.47;32.3;3.5;27.47;32.9;2.7;9.82;32.9;1;30.41;32.7;3.2;22.24;32.7;2.2;33.02;32.6;3.8
20150610;105;25.87;32.3;4.1;28;32.9;3.3;11.07;32.8;1.1;32.29;32.8;3.5;27.45;32.6;3.1;32.74;32.5;4.3
20150610;120;27.52;32.4;4.1;30.73;32.8;3.8;11.33;32.8;1.2;37.29;32.8;3.7;29.18;32.6;3.4;32.55;32.5;4.4
20150610;135;27.86;32.5;3.7;30.53;32.8;3.5;20.24;32.9;2.3;37.37;32.7;3.4;33.3;32.7;4.3;34.75;32.5;4.4
20150610;150;27.87;32.4;3.7;31.45;32.9;3.7;22.53;32.7;2.5;39.62;32.6;3.6;34.8;32.6;4.3;34.33;32.5;4.4
20150612;15;25.68;35.5;3.5;25.46;35.8;2.9;27.5;35.5;3.1;19.28;34.9;2;25.03;34.5;3.3;18.51;34;1.8
20150612;30;21.03;35.5;2.8;23.48;35.9;2.8;22.87;35.5;3;11.96;34.9;0.9;22;34.4;3;19.5;34;1.7
20150612;45;21.52;35.5;3.2;19.08;35.8;2;24.18;35.5;3.2;21.25;34.8;2;23.54;34.4;2.6;17.84;34;1.5
20150612;60;19.76;35.4;2.9;19.2;35.9;1.9;24.73;35.4;2.8;27.44;34.9;3;24.35;34.4;2.7;25.12;33.9;3.2
20150612;75;14.9;35.6;2.6;23.37;35.8;2.5;14.22;35.4;2.8;32.15;34.8;3.5;22.84;34.3;2.2;32.72;33.8;3.8
20150612;90;18.14;35.6;2.8;28.29;35.8;3.2;10.98;35.4;1.7;31.67;34.7;3.2;24.24;34.2;2.6;31.63;33.8;3.7
20150612;105;24.96;35.6;3.8;27.19;35.7;3.3;13.18;35.3;1.8;32.07;34.8;2.9;28.17;34.3;3.5;32.32;33.8;4.2
20150612;120;27.72;35.7;4.3;28.9;35.8;3.7;12.92;35.3;1.8;37.35;34.6;3.4;30.8;34.2;3.9;32.58;33.7;4.2
20150612;135;28.11;35.8;3.9;28.78;35.7;3.1;22.5;35.2;2.6;38.57;34.6;3.6;34.43;34.2;4.4;35.24;33.7;4.4
20150612;150;28.16;35.7;3.9;28.85;35.7;3.2;24.55;35.2;2.7;39.12;34.6;3.8;35.9;34.2;4.3;34.62;33.6;4.4
20150613;15;24.01;24.4;3.4;20.8;25.3;2.1;24.78;25.9;2.5;22.68;26.4;2;23.25;27.1;3;20.26;27.7;1.9
20150613;30;21.62;24.3;3.4;17.57;25.4;2.2;13.83;25.9;1.1;18.69;26.5;1.9;20.3;27.2;2.2;19.32;27.7;1.6
20150613;45;21.48;24.4;3.3;17.97;25.3;1.8;14.8;25.9;1.2;14.61;26.5;2.7;24.06;27.2;2.7;20.18;27.9;2.6
20150613;60;19.53;24.5;2.8;20.94;25.5;2.2;20.83;26;1.8;17.62;26.5;3.2;25.29;27.3;2.8;27.15;27.9;4
20150613;75;15.72;24.6;2.7;26.76;25.4;3.5;19.09;26;2.4;27.58;26.6;2.4;22.15;27.4;2.3;29.67;28;2.9
20150613;90;19.53;24.7;3.4;28.28;25.5;3.7;12.92;26.1;2.5;28.29;26.7;3;20.46;27.5;1.9;29.49;27.9;3.4
20150613;105;25.23;24.8;4;29.17;25.5;3.5;12.61;26.1;2.9;31.7;26.7;3.6;26.47;27.5;3;31.35;28.1;4.3
20150613;120;27.62;24.9;4.4;29.94;25.6;3.8;12.41;26.2;2.3;35.85;26.7;3.6;29.02;27.6;3.4;31.96;28;4.4
20150613;135;28.06;24.9;3.9;29.15;25.6;3.1;20.17;26.2;2.4;37.33;26.9;3.7;32.95;27.6;4.3;35.64;28;4.5
20150613;150;27.94;25;3.9;28.9;25.7;3.1;23.79;26.3;2.4;38.88;26.8;3.8;34.08;27.5;4.3;35.62;28.2;4.5
20150614;15;24.15;29.5;3.5;21.27;30;1.8;23.88;30.2;2.6;11.97;30.3;1.5;21.04;30.3;2.8;13.49;30.2;1.5
20150614;30;21.4;29.4;2.9;19.82;30;1.8;21.26;30.2;2;9.75;30.2;0.9;21.31;30.3;3.1;16.44;30.3;1.9
20150614;45;21.31;29.5;3.1;19.48;30.1;2.6;22.7;30.2;2.5;8.64;30.4;0.7;21.84;30.3;2.7;16.32;30.2;2.2
20150614;60;19.87;29.6;3.2;20.52;30.1;2.7;23.97;30.2;2.1;16.35;30.3;0.8;18.54;30.3;2.6;24.29;30.3;3.1
20150614;75;15.46;29.6;2.7;24.27;30.1;3.1;15.14;30.2;1.4;30.07;30.4;3.1;15.29;30.3;1.9;29.31;30.3;3.2
20150614;90;18.82;29.6;3;27.83;30.1;3.5;10.94;30.2;1.8;30.01;30.2;2.8;22.97;30.3;2.5;31.98;30.2;3.9
20150614;105;25.53;29.7;4.2;26.13;30.2;3;13.31;30.1;2.2;30.92;30.3;2.7;25.59;30.2;2.9;33.06;30.2;4.3
20150614;120;27.61;29.7;4.5;28.35;30.3;3.5;13.01;30.1;2;36.53;30.3;3.3;29.46;30.3;3.8;33.6;30.3;4.3
20150614;135;27.46;29.8;3.9;29.73;30.2;3.8;19.61;30.1;2.1;37.06;30.2;3.3;33.76;30.3;4.3;34.21;30.2;4.3
20150614;150;27.41;29.9;3.8;29.84;30.2;3.9;21.57;30.1;2.1;37.94;30.4;3.5;35.08;30.3;4.2;33.82;30.3;4.4
20150615;15;22.58;26.1;3.3;18.44;26.5;2.4;20.95;26.9;2.4;12.74;27.3;2.4;19.48;27.4;2.6;15.55;27.6;1.8
20150615;30;22.44;26.1;3.3;16.48;26.7;2.2;14.26;26.9;2.5;18.82;27.3;2.2;19.62;27.5;2.1;17.49;27.6;1.3
20150615;45;21.58;26.1;3.2;17.63;26.7;1.8;15.79;26.9;2.2;21.95;27.2;2.2;22.51;27.5;2.2;11.82;17.7;1.2
20150615;60;18.87;26.1;2.5;19.42;26.7;2;19.63;26.9;2.3;23.6;27.3;2.2;21.01;27.5;1.7;23.45;27.6;2.8
20150615;75;15.82;26.1;2.7;23.1;26.7;2.4;16.88;27.1;1.9;26.92;27.3;2.2;19.9;27.5;2;32.18;27.7;3.7
20150615;90;19.57;26.2;3.4;28.3;26.7;3.1;11.49;27;1.3;27.71;27.3;2.3;24.8;27.5;2.6;34.32;27.6;4.3
20150615;105;25.33;26.2;4;27.73;26.8;3.3;12.41;27;1.2;31.44;27.3;3.2;28.31;27.6;3.5;33.23;27.7;4.2
20150615;120;27.3;26.2;3.9;29.99;26.8;3.6;10.78;27.1;1.2;37.16;27.3;3.7;30.52;27.6;3.9;33.35;27.6;4.4
20150615;135;27.44;26.2;3.5;28.7;26.8;2.9;18.32;27;2.1;38.4;27.4;3.4;34.61;27.5;4.4;34.25;27.6;4.3
20150615;150;27.04;26.3;3.4;28.36;26.9;3;21.5;27.1;2.2;39.31;27.2;3.5;35.95;27.6;4.4;34.05;27.7;4.4
20150616;15;21.85;29.9;2.8;17.05;30.1;2;19.12;30.2;2.2;10.21;30.2;1.7;18.76;30.4;2.7;14.87;30.5;1.7
20150616;30;21.64;29.8;3.3;17.94;30.2;1.9;17.02;30.2;2.7;17.1;30.4;1.7;20.14;30.4;2;17.48;30.5;1.2
20150616;45;21.33;29.8;3.2;19.29;30.2;2;17.6;30.3;2.3;22.74;30.3;2.3;21.33;30.4;1.9;13.58;30.5;1.5
20150616;60;19.12;29.8;2.5;21.9;30.1;2.4;13.36;30.3;1.6;19.57;30.3;1.9;21.99;30.4;2;24.41;30.5;3.1
20150616;75;15.65;29.9;2.5;25.21;30.2;2.8;10.29;30.3;1.2;25.65;30.3;2;20.72;30.5;2.2;32.39;30.5;3.5
20150616;90;19.65;29.9;3.4;28.62;30.2;3.3;9.68;30.2;0.9;27.19;30.3;2.2;24.47;30.4;2.6;34.53;30.5;4.1
20150616;105;25.55;29.9;3.9;29.14;30.1;3.4;11.24;30.2;1.1;30.6;20.4;3;28.21;30.4;3.5;33.87;30.5;4.3
20150616;120;27.39;29.9;3.9;30.9;30.1;3.5;12.53;30.2;1.3;36.69;30.3;3.5;30.53;30.4;4.1;33.77;30.5;4.4
20150616;135;27.61;30;3.5;28.6;30.2;2.8;20.9;30.2;2.3;38.73;30.3;3.3;34.18;30.4;4.4;34.38;30.5;4.2
20150616;150;27.36;30;3.5;27.98;30.2;2.9;22.01;30.2;2.4;38.87;30.3;3.5;35.27;30.4;4.4;33.51;30.5;4.3
20150617;15;21.74;31.1;2.8;20.83;31.3;2.5;21.11;31.4;2.4;11.87;31.4;1.8;17.33;31.4;2.7;14.4;31.3;1.5
20150617;30;21.06;31;2.8;23.09;31.4;2.9;13.12;31.4;1.1;10.25;31.5;1.7;19.72;31.4;2.3;15.22;31.3;2.3
20150617;45;20.92;31;2.8;23.31;31.3;2.8;14.24;31.5;1.2;10.63;31.5;2.1;21.93;31.4;2.9;11.67;31.4;1.9
20150617;60;19.6;31.1;2.8;21.73;31.4;2;17.11;31.4;1.5;20.87;31.5;2.5;13.28;31.4;2.1;24.09;31.3;3.2
20150617;75;16.04;31.1;2.4;23.99;31.3;2.2;15.78;31.5;2.2;27.8;31.5;2.4;7.12;31.4;1.5;31.13;31.3;3.5
20150617;90;19.24;31.2;3.2;27.34;31.5;2.9;11.53;31.5;2.6;27.94;31.5;2.8;12.77;31.4;1.4;33.18;31.2;4
20150617;105;25.54;31.1;4;29.52;31.3;3.7;12.02;31.5;2.9;29.76;31.4;2.9;21.11;31.4;2.1;33.2;31.2;4.2
20150617;120;27.22;31.2;3.9;31.21;31.4;3.9;10.56;31.5;2.5;33.95;31.5;3.3;27.25;31.3;3.5;33.16;31.2;4.1
20150617;135;26.76;31.2;3.5;30.33;31.5;3.7;18.25;31.5;2.4;39.44;31.4;3.5;32.33;31.4;4.1;34.32;31.2;4.3
20150617;150;27.8;31.3;3.6;30.06;31.4;3.8;22.96;31.5;2.3;39.67;31.5;3.6;34.24;31.3;4.2;34.22;31.2;4.4
20150618;15;20.62;39;3.4;14.72;38.9;1.4;17.14;38.4;1.8;11.04;37.7;1.4;15.9;37.2;2.3;14.44;36.6;1.8
20150618;30;20.33;39;3;14.9;38.8;1.4;14.23;38.4;1.1;15.97;37.6;1.8;18.98;37;2.8;16.78;36.5;2.5
20150618;45;20.9;38.9;3;17.78;38.8;2;13.99;38.3;1.4;20.45;37.7;2.3;18.59;37;2.9;14.14;36.6;2
20150618;60;19.79;38.9;3;20.31;38.8;2.3;13.94;38.2;1.6;25.12;37.6;3.2;13.93;37;2.3;22.7;36.5;3.2
20150618;75;15.83;38.9;2.7;24.53;38.7;2.8;12.77;38.1;2.1;27.66;37.5;2.8;12.59;36.9;1.8;32.08;36.5;3.7
20150618;90;19.11;38.9;3;27.87;38.7;3.2;11.76;38.1;2.5;28.3;37.6;2.6;19.54;36.9;1.8;33.91;36.4;4
20150618;105;25.48;38.9;3.9;28.35;38.7;3.3;11.98;38.1;2.8;29.11;37.5;2.6;24.68;36.9;2.6;33.2;36.5;4.2
20150618;120;27.54;39;4;30.58;38.6;3.5;11.07;38;2.5;33.85;37.4;3.3;29.49;36.8;3.7;33.32;36.4;4.1
20150618;135;27.3;38.9;3.5;30.15;38.5;3.6;19.75;38.1;2.4;39.16;37.3;3.5;33.96;36.7;4.3;35.4;36.4;4.4
20150618;150;27.65;38.9;3.5;29.9;38.5;3.8;24.18;38;2.3;39.28;37.3;3.6;35.89;36.8;4.3;35.36;36.3;4.5
20150619;15;19.73;36.8;3.1;18.2;37.1;1.9;17.57;36.9;1.9;9.63;36.3;1.4;15.9;35.9;2.8;12.98;35.5;1.6
20150619;30;21.46;36.8;3;17;37.2;1.9;13.02;36.8;1.1;11.53;36.3;1.1;18.27;35.8;2;13.88;35.4;2.4
20150619;45;21.44;36.9;3.1;17.92;37.1;2.3;13.6;36.8;1.2;12.23;36.2;1.2;18.92;35.7;1.8;11.49;35.4;2.1
20150619;60;19.97;37;3.3;19.85;37.2;2.3;15.6;36.8;1.5;20;36.1;1.9;18.21;35.8;1.5;21.34;35.3;2.9
20150619;75;15.31;37;2.7;23.54;37;2.9;11.98;36.7;2;30.65;36.1;3.1;11.5;35.7;1.5;32.29;35.3;3.8
20150619;90;18.65;37;2.9;27.65;37.2;3.3;10.49;36.7;2.5;30.41;36;3;15.24;35.7;1.8;32.24;35.3;3.6
20150619;105;25.44;37.1;4.1;25.74;37.1;2.9;11.4;36.5;2.8;31.49;36.1;2.7;26.5;35.6;3.1;32.68;35.3;4.1
20150619;120;27.52;37.1;4.3;28.36;37.1;3.3;11.87;36.5;2.4;37.67;36;3.2;29.02;35.6;3.6;32.06;35.2;3.9
20150619;135;27.21;37.1;3.6;29.79;37;3.7;22.79;36.5;2.4;37.71;36;3.3;32.12;35.6;4;34.28;35.3;4.2
20150619;150;27.52;37.1;3.6;30.33;37;3.8;26.01;36.5;2.4;38.2;36;3.4;33.78;35.5;4.2;33.91;35.2;4.3
20150620;15;19.8;37.8;3.2;15.61;38.1;2.1;19.53;37.5;2.4;9.19;37.1;1.9;15.58;36.6;2.6;11.78;36.1;1.5
20150620;30;21.73;37.8;3.4;17.23;38.1;2;13.66;37.7;2.3;15.86;37;1.7;15.92;36.6;1.8;15.08;36.2;1.4
20150620;45;21.09;37.8;3.1;18.16;38.1;2.1;19.01;37.6;2.3;12.63;37;1;16.24;36.6;1.1;15.02;36.1;1.9
20150620;60;18.96;38;2.6;18.99;38;2.3;24.68;37.5;2.8;14.81;37;0.8;11.12;36.5;1.3;25.19;36.1;3.5
20150620;75;15.84;37.9;2.6;25.53;38;3.3;20.14;37.5;1.8;25.29;37;2.1;6.91;36.5;1.4;30.83;36;3.1
20150620;90;19.31;37.9;3.5;28.1;38;3.6;13.19;37.5;1.4;26.79;37;2.2;13.75;36.5;1.6;31.79;36;3.6
20150620;105;25.15;38;4;29.29;38;3.5;13.72;37.4;1.4;30.15;37;2.5;24.74;36.4;2.9;33.36;36;4.2
20150620;120;27.34;38;4.2;32.04;37.9;3.6;12.92;37.3;1.2;35.33;36.9;3.3;28.72;36.4;3.8;33.62;35.9;4.3
20150620;135;27.46;38;3.6;30.3;37.9;3.2;25.32;37.2;2.3;38.43;36.9;3.3;32.61;36.4;4.1;34.5;35.8;4.2
20150620;150;27.98;38;3.7;30.19;37.8;3.2;29.25;37.2;2.7;38.52;36.8;3.4;34.72;36.3;4.2;34.62;35.8;4.3
20150621;15;20.61;32.5;3;17.67;33.1;2.4;19.35;33.4;2.4;10.51;33.3;1.4;16.3;33.2;2.6;13.13;33;1.8
20150621;30;22.08;32.5;3.3;21.2;33.2;2.5;18.42;33.5;1.8;15.41;33.4;1.6;16.36;33.2;1.7;14.28;33;1.2
20150621;45;21.19;32.7;3.1;20.62;33.2;2.5;18.51;33.5;1.9;12.69;33.4;2.4;16.18;33.2;1.1;9.45;33.1;1.1
20150621;60;19.11;32.7;2.5;19.5;33.2;1.8;23.34;33.5;2.3;18.75;33.4;2.6;10.38;33.3;1.2;20.95;33;2.4
20150621;75;16.42;32.7;2.5;22.38;33.4;2.2;22.08;33.5;2.5;25.52;33.3;2.2;7.05;33.2;1.3;31.18;33;3.7
20150621;90;19.18;32.8;3.1;26.34;33.3;2.8;13.24;33.5;2.4;27.56;33.4;2.7;13.66;33.2;1.6;32.93;33;4.2
20150621;105;25.33;32.8;3.8;27.24;33.3;3.3;14.21;33.4;2.8;29.79;33.3;3;24.36;33.2;2.9;32.54;33;3.8
20150621;120;27.84;32.9;4;31.74;33.4;4.1;13.12;33.4;2.4;33.16;33.3;3.2;28.52;33.2;3.9;32.43;32.9;4
20150621;135;28.07;32.9;3.6;31.59;33.5;3.7;17.02;33.5;2.6;38.93;33.3;3.5;32.63;33.2;4.2;34.24;32.9;4.3
20150621;150;28.15;33;3.7;32.49;33.4;4;29.61;33.4;2.8;40.16;33.3;3.7;34.38;33.2;4.3;34.71;32.9;4.3
20150622;15;19.51;36.2;3.1;17.21;36;2.1;17.86;35;2.2;12.08;33.8;1.4;6.83;33.2;2.6;10.94;32.6;1.3
20150622;30;18.69;36.3;3.2;20.01;35.9;2.3;19.4;34.9;2.3;12.92;33.7;1.6;17.04;33.1;2.3;13.46;32.5;1.8
20150622;45;20.89;36.2;3.3;22.56;35.9;2.9;20.6;34.9;2.7;12.95;33.7;2.2;20.25;33;2.8;14.29;32.4;2
20150622;60;19.32;36.2;3.1;21.81;35.9;2.7;15.08;34.7;2.5;18.71;33.6;2.7;13.92;33;2.4;22.76;32.5;3.1
20150622;75;15.44;36.1;2.7;23.38;35.8;3;11.94;34.6;1.8;17.36;33.6;2.9;10.38;33;1.5;26.13;32.3;2.4
20150622;90;18.35;36.3;3;25.4;35.7;2.5;8.49;34.6;1.3;22.96;33.5;3.5;8.83;32.9;1.9;27.16;32.3;3.2
20150622;105;24.76;36.2;3.9;22.11;35.8;3.2;11.75;34.3;1.2;25.98;33.6;3.8;16.8;32.8;3.2;22.77;32.4;4.7
20150622;120;27.73;36.1;4.3;31.62;35.4;3.8;11.19;34.3;1.4;29.5;33.5;3.8;9.66;32.8;3.4;30.43;32.3;4.4
20150622;135;28.34;36.1;3.9;31.5;35.3;3.5;22.28;34.1;2.4;10.87;33.3;4.2;29.48;32.8;4.3;35.67;32.2;4.5
20150622;150;28.53;36.1;4;9.96;35.2;4;26.65;34;2.6;39.97;33.3;3.7;33.13;32.7;4.4;35.87;32.2;4.6
20150623;15;20.41;36.2;3;14.32;36;1.4;16.32;35.5;1.7;12.81;35;1.7;14.63;34.4;2.5;12.62;33.8;1.4
20150623;30;20.93;36.1;2.9;14.51;36;1.4;13.71;35.5;1;9.78;34.9;1.7;18.44;34.3;2;14.27;33.9;2.2
20150623;45;21.34;36.2;3.1;17.56;36;2.3;14.24;35.5;1.3;8.56;34.9;2.3;20.36;34.3;2.7;13;33.8;1.9
20150623;60;19.66;36.2;3.3;19.27;36;2.4;13.87;35.4;1.7;14.85;34.9;2.7;15.2;34.3;2.4;21.73;33.7;2.9
20150623;75;12.57;36.1;2.9;22.81;35.9;2.7;10.9;35.3;1.8;26.87;34.8;2.5;8.07;34.2;1.5;31.19;33.7;3.7
20150623;90;8.65;36.1;3.2;26.69;35.9;3.4;9.87;35.4;2.4;28.11;34.7;2.9;11.98;34.1;1.3;32.77;33.6;3.9
20150623;105;23.04;36.2;4.1;37.12;35.8;3.2;12.03;35.3;2.7;30.99;34.7;3.2;21.43;34.1;2;32.24;33.5;4.1
20150623;120;26.77;36.1;4.6;29.6;35.8;3.5;11.7;35.3;2.3;34.71;34.6;3.2;27.45;34;3.4;33.36;33.5;4.2
20150623;135;27.08;36;4.1;29.75;35.8;3.7;20.88;35.1;2.3;38.56;34.6;3.5;32.67;34;4.1;35.51;33.5;4.4
20150623;150;27.81;36.1;4;29.62;35.7;3.9;24.34;35.2;2.3;39.84;34.6;3.6;34.07;34;4.1;35.02;33.5;4.5
20150625;15;19.95;35;3;14.1;35.2;1.4;16.4;34.6;1.7;13.05;34.2;1.7;14.23;33.7;2.5;12.05;33.4;1.4
20150625;30;20.82;35;2.9;15.02;35.2;1.4;13.52;34.6;1;10.12;34.2;1.7;17.86;33.7;2;15.03;33.4;2.2
20150625;45;21.1;35.1;3.1;18.03;35.2;2.3;14;34.6;1.3;8.4;34.2;2.3;20.02;33.7;2.7;13.04;33.4;1.9
20150625;60;19.53;35.1;3.3;19.12;35.2;2.4;13.45;34.5;1.7;14.11;34.2;2.7;16;33.6;2.4;21.18;33.2;2.9
20150625;75;12.55;35.1;2.9;21.98;35.1;2.7;11.05;35.4;1.8;26.45;34.1;2.5;9.12;33.6;1.5;31;33.2;3.7
20150625;90;8.7;35.1;3.2;25.99;35.1;3.4;9.8;34.4;2.4;28.01;34;2.9;12.03;33.6;1.3;31.87;33.2;3.9
20150625;105;22.96;35.1;4.1;37.01;35.1;3.2;13.04;34.5;2.7;34;34.7;3.2;20.1;33.6;2;32.12;33.2;4.1
20150625;120;25.5;35.1;4.6;29.23;35.1;3.5;34.5;34.4;2.3;34.55;33.9;3.2;27.23;33.6;3.4;33.1;33.1;4.2
20150625;135;27;35.2;4.1;29.7;35.1;3.7;21;34.4;2.3;33.9;34.6;3.5;32.14;33.6;4.1;34.26;33.1;4.4
20150625;150;27.8;35.2;4;29.43;35;3.9;24.1;34.4;2.3;38.94;33.8;3.6;33.98;33.4;4.1;34.85;33.1;4.5
20150628;15;19.55;32.1;3;14.08;32.8;2.2;17.59;33.1;2.3;12.61;33.1;2;14.3;33.3;2.4;12.12;33.2;1.7
20150628;30;20.65;32.2;3;16.77;32.8;2.2;13.59;33;1.3;8.24;33.2;1.2;15.36;33.2;1.6;13.21;33.2;1.3
20150628;45;21.31;32.2;3.3;17.42;32.9;2;15.03;33.1;1.3;7.04;33.1;0.8;15.45;33.3;1.2;8.37;33.2;1.1
20150628;60;19.28;32.3;2.9;17.71;32.9;1.9;20.23;33.1;2.1;12.21;33.1;0.9;10.03;33.2;1.2;17.72;33.1;2.1
20150628;75;15.14;32.3;2.6;21.02;33;2.4;19.42;33.1;2.4;24.23;33.2;2.1;7.02;33.3;1.4;25.47;33.1;3.4
20150628;90;18.13;32.4;2.9;25.17;33;2.6;12.23;33.1;2.5;26.58;33.1;2.5;13.27;33.3;1.6;28.41;33.1;4.1
20150628;105;24.51;32.5;3.8;25.53;33;2.8;11.98;33;2.9;30.67;33.3;2.7;24.29;33.3;2.9;29.95;33.1;3.7
20150628;120;27.45;32.5;4.4;29.2;33;3.5;11.09;33.1;2.4;35.18;33.2;3.4;28.63;33.2;3.9;30.58;33.1;4
20150628;135;27.88;32.5;4.1;28.98;33;3.1;18.16;33;2.4;37.99;33.3;3.4;33.53;33.2;4.3;35.29;33.1;4.6
20150628;150;27.95;32.5;4.1;29.46;33;3.2;22.36;33.1;2.3;39.11;33.3;3.5;35.33;33.2;4.3;35.76;33.1;4.6
20150629;15;18.87;36.6;3;12.7;36.8;2;17.55;36.8;2.4;11.5;36.6;1.4;13.72;36.2;2.4;10.05;35.9;1.4
20150629;30;20.43;36.6;3.1;14.77;36.9;1.9;13.36;36.8;1.5;14.69;36.6;1.6;17.49;36.3;2.2;13.58;36;1.6
20150629;45;21.13;36.6;3.2;16.33;37;1.7;14.72;36.9;1.4;16.07;36.6;2.3;20.28;36.2;2.6;15.98;36;2
20150629;60;19.32;36.6;2.8;17.62;36.9;2.2;19.8;36.7;2.2;15.4;36.5;2.3;19.97;36.1;2.6;21.25;35.9;3.2
20150629;75;15.42;36.7;2.5;20.97;37;2.6;16.68;36.8;2.9;23.53;36.5;2;18.06;36.2;2.2;25.43;35.9;3.1
20150629;90;17.82;36.7;2.8;25.48;36.9;2.9;11.42;36.6;2.4;28.49;36.4;3.1;22.57;36.1;2.3;28.58;35.9;3.7
20150629;105;24.83;36.7;3.9;26.24;36.9;2.8;13.38;36.8;2.7;33.01;36.4;3.5;27;36.1;3.1;30.58;35.8;4.2
20150629;120;27.56;36.8;4.5;28.54;36.9;3.7;11.94;36.7;2.2;37.52;36.4;3.5;28.81;36;3.3;32.21;35.9;4.4
20150629;135;27.8;36.8;4.1;28.57;36.9;3;17.93;36.6;2.5;36.36;36.4;3.4;32.09;36;4;34.68;35.8;4.4
20150629;150;27.93;36.8;4.1;28.3;36.9;3;21.34;36.6;2.5;39.98;36.3;3.6;33.17;36;4.1;35.08;35.9;4.4
20150630;15;18.59;37.7;3;13.15;37.5;1.4;17.84;37.3;2.6;9.41;36.8;1.5;13.84;36.3;2.8;10.21;35.8;1.3
20150630;30;21.03;37.6;3.2;17.33;37.6;2;14.21;37.3;2.2;8.57;36.7;1.1;15.83;36.2;2;11.39;35.7;1.3
20150630;45;20.81;37.6;3;20.2;37.6;2.8;16.56;37.2;2.3;7.97;36.7;1;15.91;36.2;1.4;8.84;35.8;1.1
20150630;60;18.99;37.6;2.7;19.52;37.6;2.7;20.3;37.2;2.7;16.22;36.6;1.6;10.21;36.2;1.4;17.85;35.7;2
20150630;75;15.04;37.5;2.3;20.71;37.6;2.9;16.83;37.1;1.9;28.31;36.6;2.9;6.24;36.1;1.5;23.63;35.7;3.3
20150630;90;18.23;37.6;3.4;23.94;37.5;2.8;12.11;37;1.5;29.4;36.6;2.8;12.55;36.1;1.7;26.17;35.7;3.9
20150630;105;24.97;37.7;4.2;25.8;37.5;3.1;12.8;37.1;1.4;31.82;36.5;2.8;23.66;36;3;27.8;35.6;3.4
20150630;120;26.81;37.6;4.2;31.11;37.5;4.1;10.5;37;1.3;37.65;36.5;3.4;28.18;36;4;29.52;35.6;3.9
20150630;135;27.37;37.7;3.8;30.8;37.4;3.9;16.12;37;2;37.45;36.5;3.4;32.59;36;4.3;34.45;35.5;4.7
20150630;150;27.74;37.6;4;30.87;37.5;3.8;20.98;36.9;2.2;38.81;36.5;3.6;34.52;35.9;4.4;35.32;35.5;4.7
20150701;15;19.39;33;3;16.97;33.6;2.3;15.9;33.6;1.8;11.51;33.6;1.7;13.81;33.6;2.4;10.73;33.3;1.3
20150701;30;20.32;33;3.1;20.53;33.6;2.9;12.29;33.7;1.1;7.94;33.6;1.7;17.08;33.5;2.8;14.97;33.2;2.2
20150701;45;20.78;33.1;3.3;20.89;33.7;2.9;13.5;33.7;1.3;9.39;33.5;1.9;16.11;33.5;2.7;13.99;33.3;1.8
20150701;60;18.99;33.1;3;17.93;33.6;1.9;18.16;33.7;1.9;22.13;33.5;3;13.36;33.5;2.4;18.99;33.2;2.8
20150701;75;14.32;33.2;2.7;19.91;33.6;2.1;16.69;33.6;2.7;27.41;33.5;2.7;11.57;33.5;1.8;25.75;33.1;3.7
20150701;90;17.91;33.5;2.9;23.55;33.6;2.6;12.04;33.7;2.5;29.17;33.6;3;17.88;33.5;1.8;27.68;33.2;3.8
20150701;105;24.61;33.5;4;25.56;33.7;3.4;13.72;33.7;2.8;31.76;33.5;3.4;25.19;33.4;2.9;29.38;33.1;3.9
20150701;120;27.16;33.5;4.6;30.59;33.7;4.2;11.4;33.7;2.3;36.31;33.6;3.6;29.59;33.4;3.9;31.88;33.1;4.2
20150701;135;27.43;33.5;4.2;30.77;33.8;3.8;17.27;33.7;2.5;36.53;33.5;3.5;33.72;33.4;4.4;34.56;33.1;4.4
20150701;150;27.53;33.5;4;31.31;33.7;4;20.96;33.6;2.5;38.29;33.5;3.7;35.6;33.4;4.5;34.05;33;4.4
20150706;15;25.8;33.9;3.7;26.85;33.7;3;26.11;33.5;2.8;17.67;33.1;1.6;24.73;32.5;3;17.73;32.3;1.8
20150706;30;21.8;33.8;3.2;25.46;33.7;3.6;16.05;33.5;1.4;22.55;33;2.5;22.44;32.6;3.5;22.36;32.2;2.5
20150706;45;21.23;33.8;3.3;22.81;33.7;2.6;19.83;33.4;2.3;26.24;33;3;22.19;32.5;3.2;21.04;32.2;2.3
20150706;60;18.67;33.8;2.8;19.34;33.8;2.2;23.55;33.5;2.8;28.4;33;3.5;20.77;32.5;2.9;25.06;32.1;3.5
20150706;75;15.55;33.8;2.6;20.64;33.7;2.6;13.36;33.4;2.4;28.66;32.9;3;18.52;32.5;2.2;31.87;32.1;4.2
20150706;90;17.63;33.8;2.9;24.43;33.7;2.7;10.71;33.4;1.6;29.82;32.8;3;22.43;32.5;2.7;30.85;32;4.2
20150706;105;24.54;33.8;4.1;24.63;33.7;2.7;12.54;33.3;1.7;31.93;32.8;3;26.04;32.4;3.1;31.35;32.1;4.3
20150706;120;27.07;33.9;4.5;28.72;33.6;3.8;13.13;33.3;1.7;36.87;32.8;3.4;29.66;32.4;4;31.67;32;4.3
20150706;135;27.42;33.8;4.2;28.89;33.6;3.1;20.77;33.2;2.4;38.66;32.7;3.5;33.99;32.3;4.5;34.86;32;4.4
20150706;150;27.66;33.8;4;28.52;33.5;3.1;23.8;33.1;2.6;38.88;32.8;3.7;35.97;32.3;4.5;34.91;32;4.5
20150707;15;23.95;38.9;4.1;24.44;38.9;2.6;23.73;38.2;2.9;15.04;37.4;1.6;22.84;36.6;2.7;15.55;35.7;2
20150707;30;22.3;39;3.6;24.2;38.9;3;22.14;38.2;2.7;14.07;37.3;1.1;21.68;36.5;2.6;19.18;35.7;2
20150707;45;21.23;39;3.3;24.54;38.8;3;21.6;38.1;3.1;22.66;37.4;2.6;23.87;36.5;2.8;19.27;35.6;1.9
20150707;60;18.07;39;2.6;22.21;38.8;3.1;15.52;38;2;26.55;37.2;3.5;23.9;36.4;2.9;25.46;35.5;3.5
20150707;75;14.39;39;2.4;22.34;38.7;3.4;10.15;38;1.4;27.07;37.1;2.8;21.39;36.3;2.2;31.35;35.4;4.3
20150707;90;17.63;39.1;3.4;25.18;38.5;3.5;9.55;37.8;1;27.77;37.2;2.8;23.62;36.2;2.8;31.73;35.3;4.2
20150707;105;24.66;39.1;4.3;26.6;38.6;3.3;11.36;37.8;1.3;29.58;37.1;2.9;28.01;36.2;3.7;31.77;35.4;4.3
20150707;120;26.41;39.1;4.3;30.47;38.5;4;11.17;37.8;1.3;33.9;37;3.4;30.19;36.1;4.3;32.78;35.2;4.3
20150707;135;26.74;39.2;4;30.3;38.5;3.7;19.89;37.7;2.1;39.58;36.9;3.7;33.96;36;4.8;35.21;35.3;4.4
20150707;150;27.07;39.1;4.1;30.15;38.5;3.6;23.54;37.6;2.5;39.51;36.8;3.9;35.51;35.9;4.7;34.62;35.2;4.5
20150708;15;23.15;39.2;3.9;21.81;39.3;2.4;23.05;38.7;2.7;18.69;38;2.3;20.55;37.3;2.6;14.21;36.7;1.6
20150708;30;21.84;39.3;3.4;20.71;39.3;2.4;21.7;38.7;2.8;10.34;37.9;2.4;20.86;37.2;2.8;18.71;36.6;1.8
20150708;45;21.54;39.2;3.5;18.82;39.2;1.9;21.29;38.6;3;12.29;37.8;2.3;24.37;37.1;3.7;20.01;36.6;2.6
20150708;60;18.99;39.2;2.9;19.29;39.2;2.2;18.74;38.6;2.3;24.13;37.7;3.2;24.09;37.1;3.3;26.08;36.5;4.3
20150708;75;15.27;39.2;2.8;21.48;39.2;2.7;11.25;38.5;1.9;30.79;37.7;3.1;22.41;37.1;2.7;30;36.4;3.8
20150708;90;17.28;39.2;2.9;25.06;39.1;2.9;9.57;38.4;1.1;30.67;37.7;3.2;23.36;37;2.5;31.01;36.4;4.2
20150708;105;23.71;39.3;4.1;25.59;39.1;2.8;11.15;38.3;1.4;33.14;37.6;3.4;27.87;37;3.4;31.51;36.4;4.5
20150708;120;26.69;39.3;4.6;28.82;39;3.9;12.75;38.3;1.5;37.45;37.5;3.5;29.83;36.9;3.8;32.18;36.3;4.6
20150708;135;27.57;39.3;4.2;28.88;39;3.2;21.48;38.2;2.3;38.09;37.5;3.5;33.76;36.9;4.4;34.79;36.2;4.4
20150708;150;27.6;39.3;4.2;28.67;39;3.2;23.94;38.1;2.6;39.98;37.5;3.6;35.48;36.9;4.5;34.53;36.2;4.5
20150710;15;22.23;32;3.5;20.55;32.4;2.1;18.07;32.5;2.3;10.38;32.2;2;17.95;32;2.4;12.87;31.7;1.5
20150710;30;22.56;32;3.6;20.81;32.5;2.5;16.32;32.6;2.8;14.18;32.3;2.3;19.75;31.9;2.4;16.43;31.7;1.4
20150710;45;21.1;32;3.3;23.26;32.5;2.9;16.6;32.5;2.5;18.48;32.3;2.4;22.91;32;3.2;18.75;31.6;2.2
20150710;60;18.54;32.1;2.7;21.69;32.5;2.9;13.79;32.4;1.8;24.46;32.2;3.2;22.5;32;3;24.67;31.6;3.8
20150710;75;14.25;32;2.5;22.85;32.5;3.2;10.74;32.5;1.4;30.15;32.2;3.2;16.23;32;2.2;29.09;31.6;3.7
20150710;90;18.06;32.1;3.5;25.72;32.5;3.4;10.55;32.4;1;30.62;32.1;3.3;19.74;31.9;1.9;30.53;31.5;3.9
20150710;105;24.66;32.1;4.2;27.12;32.5;3.3;11.2;32.4;1.3;33.25;32.2;3.6;29.52;32;3;30.48;31.5;4.4
20150710;120;26.76;32.2;4.2;31.35;32.5;4.1;12.18;32.4;1.3;37.88;32.1;3.6;29.73;31.8;3.7;31.13;31.5;4.5
20150710;135;26.97;32.2;3.9;29.77;32.5;3.5;20.07;32.3;2.2;38;32.1;3.5;33.76;31.8;4.4;35;31.5;4.5
20150710;150;27.33;32.2;3.9;28.83;32.5;3.3;23.74;32.4;2.4;39.75;32;3.7;35.49;31.8;4.4;34.8;31.5;4.5
20150712;15;23.07;36.1;3.4;14.38;36.4;1.5;19.02;35.9;2.2;8.57;35.2;1.2;15.1;35;2;14.05;34.4;1.5
20150712;30;20.93;36.2;3.2;15.68;36.4;1.5;13.04;35.9;2.3;15.65;35.3;1.9;17.81;35;2.3;14.19;34.4;2.2
20150712;45;21.03;36.2;3.1;18.89;36.3;2.4;14.8;35.8;2.1;20.31;35.3;2.5;19.45;34.9;2.9;10.91;34.4;2.1
20150712;60;19.74;36.2;3.5;20.3;36.3;2.5;20.32;35.8;2.7;23.65;35.2;3.3;14.22;35;2.6;19.43;34.4;2.8
20150712;75;14.4;36.2;2.8;20.5;36.3;2.1;17.79;35.7;1.9;27.19;35.2;3.1;10.41;34.8;1.8;27.39;34.3;3.7
20150712;90;17.73;36.3;2.9;23.78;36.3;2.7;12.48;35.6;1.4;28.25;35.1;2.9;15.16;34.8;1.5;28.74;34.2;4.1
20150712;105;24.52;36.2;4.1;26.43;36.3;3.4;12.29;35.7;1.4;30.49;35.1;2.8;24.14;34.7;2.7;30.37;34.2;4.3
20150712;120;17.03;36.3;4.6;31.43;36.2;4.2;12.54;35.7;1.4;36.21;35.1;3.4;27.8;34.7;3.2;31.81;34.2;4.3
20150712;135;27.54;36.3;4.2;30.53;36.1;3.8;19.5;35.7;2;39.21;35.1;3.5;31.87;34.5;4.1;34.44;34.1;4.4
20150712;150;27.43;36.4;4.1;31.1;36.2;3.9;22.5;35.7;2.2;39.44;35.1;3.7;34.57;34.5;4.4;34.84;34.2;4.6
20150714;15;18.98;37.9;2.8;15.24;38;1.7;17.86;37.5;2;8.09;37;1.2;15.61;36.3;2.4;12.42;35.8;1.7
20150714;30;21.14;37.9;3.2;17.8;38;2.1;13.04;37.4;1;14.27;37;1.6;19.16;36.4;2.8;15.54;35.8;2.3
20150714;45;21.22;37.9;3.3;20.96;38;2.9;13.28;37.5;1.3;19.31;36.9;2.3;20.23;36.3;2.4;16.17;35.8;2
20150714;60;18.89;37.9;2.8;20.37;38;2.5;14.12;37.3;1.8;23.12;36.9;3.1;19.8;36.2;2.6;19.21;35.7;2.7
20150714;75;15.95;37.9;2.6;21.24;37.9;2.3;10.39;37.3;2.2;27.6;36.9;3.1;18.38;36.1;2.1;27.51;35.7;3.9
20150714;90;17.96;38;2.9;24.28;38;3;9.62;37.3;2.7;29.11;36.8;2.9;22.27;36.2;2.7;28.16;35.6;3.9
20150714;105;24.09;38;3.8;26.32;37.8;3.6;11.36;37.2;2.8;31.31;36.7;2.9;27.25;36.1;3.3;29.75;35.6;4.3
20150714;120;27.11;38;3.8;30.04;37.8;4.2;10.89;37.1;2.5;36.1;36.7;3.4;29.72;36;4.1;31.16;35.5;4.3
20150714;135;27.36;38.1;4;30.1;37.7;3.9;18.22;37.2;2.4;38.74;36.6;3.6;33.99;36;4.5;34.19;35.5;4.5
20150714;150;27.66;38;4.1;29.73;37.7;4;22.25;37;2.3;39.69;36.5;3.7;36.09;36;4.6;34.79;35.4;4.6
20150716;15;20.58;35.2;3.3;14.19;35.3;2.3;19.02;35.1;2.3;12.01;34.6;1.9;15.86;34.2;2.4;12.66;33.9;1.7
20150716;30;21.18;35.1;3.1;17.51;35.4;1.9;13.23;35;2.3;11.12;34.7;1.6;16.48;34.2;1.7;13.12;33.9;1.5
20150716;45;21.06;35.1;3.1;21.17;35.4;2.7;16.59;35;2.2;8.95;34.6;0.9;16.41;34.2;1.5;9.1;33.8;1.2
20150716;60;19.45;35.2;3.2;21.42;35.3;3;21.18;35;2.8;13.9;34.5;1;11.48;34.1;1.3;19.11;33.8;2.4
20150716;75;15.58;35.3;2.5;22.59;35.3;3.4;18.06;35;1.7;23.99;34.5;2.2;6.66;34.1;1.4;25.97;33.7;3.8
20150716;90;18.69;35.3;3.1;24.72;35.3;3.2;12.65;34.9;1.4;26.79;34.5;2.5;13.63;34;1.8;27.23;33.7;4.4
20150716;105;25.15;35.2;4.1;24.9;35.3;3;13.39;34.8;1.4;30.49;34.4;3;23.77;34;3.1;29.12;33.7;4.1
20150716;120;26.94;35.3;4.4;29.57;35.2;4.1;10.85;34.8;1.4;34.98;34.4;3.7;28.01;34;4.2;30.46;33.6;4.3
20150716;135;26.62;35.3;3.8;30.6;35.2;4;17.93;34.8;1.9;38.69;34.3;3.4;32.18;34;4.3;34.08;33.6;4.6
20150716;150;27.01;35.2;3.9;31.1;35.1;3.9;21.94;34.8;2.1;38.86;34.3;3.5;34.17;34;4.4;35.53;33.6;4.7
20150720;15;19;35;3.1;14.03;35.4;1.9;18.98;35.7;2.3;9.99;35.4;2.1;14.71;35;2.5;12.97;34.7;1.6
20150720;30;20.39;35;3.3;19.93;35.5;2.7;13.48;35.6;2.3;11.4;35.4;1.7;15.79;35;1.6;12.12;34.7;1.4
20150720;45;20.51;35;3.2;22.28;35.6;3.2;16.32;35.6;2.2;8.82;35.4;0.9;15.73;35;1.5;9.46;34.6;1.1
20150720;60;18.49;35;2.8;20.65;35.6;3.1;19.51;35.6;2.6;14.54;35.4;1.1;11.16;35;1.4;18.4;34.6;2.3
20150720;75;14.24;35.2;2.5;21.22;35.6;3.3;17.09;35.6;1.9;23.66;35.4;2.2;6.6;35;1.5;24.49;34.6;3.5
20150720;90;18.04;35.2;3.5;24.07;35.6;3.2;11.5;35.6;1.4;26.19;35.3;2.6;13.19;35;1.8;26.5;34.5;4.2
20150720;105;24.49;35.2;4.3;25.36;35.7;3.1;13.09;35.6;1.3;30.19;35.2;3;23.15;35;3.1;28.2;34.6;3.6
20150720;120;26.28;35.3;4.2;29.58;35.7;4.2;9.98;35.5;1.2;35.18;35.2;3.5;27.46;34.8;4.1;28.89;34.6;3.8
20150720;135;26.37;35.4;3.9;30.05;35.8;4;15.27;35.5;1.9;36.6;35.2;3.5;31.44;34.8;4.3;33.55;34.5;4.4
20150720;150;26.74;35.4;4.1;30.31;35.7;3.9;18.81;35.5;2.1;37.43;35.2;3.5;33.37;34.8;4.4;35.65;34.5;4.5
20150724;15;25.54;34.3;4.1;23.69;34.5;2.3;28.7;34.3;3.6;24.58;34;2.7;28.25;33.6;3.1;23.74;33.3;2.7
20150724;30;22.95;34.3;3.5;21.64;34.5;2.4;23.08;34.2;2.7;29.01;34;3.5;24.89;33.6;3;24.07;33.3;2.5
20150724;45;21.15;34.3;3.5;21.76;34.5;2.2;24.26;34.3;3.4;28.49;34;3.2;25.99;33.5;3.1;16.64;33.2;2.1
20150724;60;18.77;34.3;2.8;25.9;34.5;3.5;27.96;34.2;3.6;32.14;33.9;3.7;25.15;33.6;2.5;25.56;33.2;3.4
20150724;75;14.97;34.4;2.7;28.61;34.6;4.1;21.72;34.3;1.8;28.06;33.9;2.8;26.02;33.6;3.1;29.71;33.3;3.7
20150724;90;19.1;34.3;3.5;28.58;34.5;3.9;16.65;34.2;1.7;28.47;33.9;2.6;26.23;33.5;3.1;29.72;33.1;3.8
20150724;105;24.59;34.3;4;28.34;34.4;3.6;16.94;34.2;2.3;32.04;33.8;3.5;27.77;33.6;3.7;30.41;33.1;4.4
20150724;120;26.75;34.4;4.1;31.26;34.5;4.2;13.56;34.1;1.8;37.24;33.8;3.8;30.54;33.5;4.1;31.33;33.1;4.7
20150724;135;26.57;34.5;3.7;30.54;34.5;4;20.13;34.1;2.1;38.96;33.8;3.5;33.13;33.4;4.5;35.16;33.1;4.7
20150724;150;26.72;34.5;3.8;30.64;34.4;3.8;22.67;34.1;2.2;42.9;33.7;3.7;36.78;33.4;4.8;35.61;33.1;4.7
20150725;15;24.41;36.5;4.1;25.21;36.6;2.5;26.61;36.1;3.4;24.2;35.5;1.9;25.99;35;2.8;22.43;34.4;2.7
20150725;30;22.68;36.5;3.5;21.09;36.5;2.3;23.01;36;2.6;21.16;35.5;2;24.96;34.9;3.5;24.34;34.4;3.2
20150725;45;21.43;36.5;3.4;20.61;36.6;2.1;23.94;36;3.2;21.85;35.4;2.2;25.76;34.8;3.1;22.28;34.4;2.8
20150725;60;18.89;36.5;2.9;22.57;36.5;2.5;27.39;36;3.6;32.68;35.5;3.6;25.93;34.8;3.3;25.87;34.3;3.6
20150725;75;15.41;36.5;2.7;26.7;36.5;3.7;20.16;35.9;1.8;31.59;35.4;3.5;27.53;34.8;3.4;31.38;34.3;4.5
20150725;90;18.7;36.5;3.2;28.28;36.5;3.8;14.62;35.8;2;30.72;35.4;3.1;27.2;34.7;3.2;31.94;34.3;4.6
20150725;105;24.38;36.6;4.1;28.45;36.4;3.7;14.63;35.8;2.3;32.76;35.3;3;28.94;34.6;3.5;31.43;34.3;4.6
20150725;120;26.88;36.6;4.2;30.04;36.4;4.3;13.3;35.8;1.4;38.22;35.3;3.5;30.67;34.6;3.9;31.68;34.2;4.5
20150725;135;26.88;36.6;4.2;29.16;36.5;3.5;20.01;35.8;2.2;38.04;35.2;3.5;33.67;34.6;4.2;34.66;34.2;4.6
20150725;150;27.14;36.6;4;28.68;36.3;3.4;23.44;35.7;2.4;42.51;35.1;3.8;38.7;34.5;4.6;34.3;34;4.6
20150726;15;22.58;31.7;3.5;26.92;31.7;3.2;24.64;31.9;3.2;22.72;31.6;1.8;24.65;31.2;2.7;22.09;31;2.4
20150726;30;22.61;31.6;3.5;23.88;31.8;2.6;21.63;31.8;3.2;23.35;31.6;2.3;21.92;31.2;2.5;25.06;31;2.9
20150726;45;21.48;31.5;3.3;20.57;31.8;2.2;21.58;31.8;2.8;25.21;31.5;2.9;25.43;31.2;3.2;22.69;30.9;2.6
20150726;60;19.42;31.6;3.1;22.1;31.8;2.4;20.8;31.7;2.3;31.85;31.5;3.8;26.84;31.2;3.7;26.38;30.9;3.6
20150726;75;15.31;31.6;2.7;24.75;31.8;3.2;12.12;31.8;1.5;30.59;31.5;3.5;18.68;31.1;2.6;31.42;30.8;4.3
20150726;90;17.82;31.6;3;27.88;31.8;3.7;10.73;31.7;1;29.44;31.5;3.1;25.42;31;3;31.42;30.8;4.6
20150726;105;24.02;31.6;4;26.3;31.9;3.4;12.17;31.8;1.3;31.36;31.4;3;27.28;31;3.3;31.01;30.8;4.7
20150726;120;27.01;31.7;4.6;28.29;31.9;4.1;12.01;31.8;1.5;35.99;31.4;3.5;30.68;31;4;31.85;30.7;4.6
20150726;135;27.15;31.7;4.3;28.98;31.8;3.5;19.86;31.6;2.3;39.13;31.4;3.6;34.13;31;4.4;34.84;30.8;4.7
20150726;150;26.98;31.7;4.3;29.2;31.9;3.6;22.84;31.6;2.6;43.21;31.4;3.8;37.16;31;4.6;34.97;30.8;4.8
20150727;15;20.7;33;3.7;25.95;32.9;3.1;24.01;32.7;2.9;23.47;32.4;2.7;23.59;32;2.6;19.17;31.6;2.3
20150727;30;22.42;33;3.5;24.17;33;3;23.27;32.6;2.5;15.18;32.4;1.4;22.2;31.9;2.3;21.64;31.5;2.4
20150727;45;21.45;33;3.5;21.44;32.9;2.3;24.95;32.6;3.3;17.83;32.4;1.7;23.57;31.8;2.7;20.14;31.5;1.9
20150727;60;19.24;32.9;3.2;21.15;33;2.3;26.22;32.6;3.4;29.69;32.3;3.5;24.49;31.8;2.8;26.01;31.5;3.6
20150727;75;15.15;32.9;2.8;23.69;32.9;3;15.86;32.5;2.3;30.03;32.3;3.3;25.65;31.7;3;31.23;31.4;4.3
20150727;90;17.67;33;3;27.39;33;3.6;12.69;32.5;1.3;30.3;30.2;3.1;26.58;31.7;3.2;31.2;31.4;4.4
20150727;105;23.82;32.9;4;26.09;33;3.5;13.23;32.5;1.5;32.72;32.2;3;28.93;31.7;3.6;31.4;31.4;4.6
20150727;120;26.67;32.9;4.7;29.13;32.9;4.1;14.39;32.5;1.8;38.18;32.2;3.5;31.09;31.7;4;32.23;31.3;4.6
20150727;135;27;33;4.3;29.86;32.9;3.8;21;32.5;2.5;38.14;32.1;3.6;35.34;31.7;4.3;35.01;31.3;4.6
20150727;150;27.27;33;4.3;29.96;32.9;3.8;23.27;32.5;2.7;42.57;32;3.8;38.75;31.6;4.5;34.74;31.3;4.7
20150728;15;21.16;29.4;2.9;25.45;29.7;3;23.18;29.8;2.7;23.64;29.8;2.3;22.88;29.9;2.5;19.43;29.8;2.1
20150728;30;21.89;29.4;3.2;24.41;29.7;2.9;21.97;29.8;2.5;15.58;29.9;1.4;22.74;29.9;3.2;23.07;29.8;2.8
20150728;45;21.47;29.4;3.5;25.47;29.7;3.3;21.6;29.9;2.8;16.32;29.9;1;23.2;29.9;3.2;22.7;29.9;2.6
20150728;60;19.23;29.4;3;23.58;29.7;3.1;25.81;29.8;3.5;29.43;29.8;3.4;20.82;29.8;2.8;26.24;29.8;3.6
20150728;75;15.81;29.5;2.7;24.53;29.7;3.5;21.69;29.8;2.2;30.95;29.8;3.5;22.06;29.9;2.7;30.8;29.8;4.2
20150728;90;18.14;29.4;3.1;26.41;29.7;3.1;13.91;29.8;1.6;30.67;29.9;3.2;26.28;29.9;3.2;31.65;29.7;4.4
20150728;105;24.15;29.4;3.9;26.06;29.8;3.5;14.34;29.7;1.7;32.68;29.9;3.1;27.77;29.9;3.4;31.82;29.8;4.6
20150728;120;27.88;29.5;4.6;30.38;29.8;4.4;11.34;29.8;1.4;37.68;29.9;3.5;30.76;29.7;4;32.1;29.7;4.5
20150728;135;26.72;29.6;3.9;30.93;29.9;4.2;19.26;29.8;2.1;38.05;29.8;3.6;33.85;29.8;4.3;34.27;29.8;4.5
20150728;150;27.05;29.5;4.1;31.19;29.9;4.2;24.27;29.8;2.4;42.11;29.9;3.8;37.32;29.8;4.5;34.26;29.7;4.7
20150729;15;19.69;30.5;3.2;27.24;30.7;3.3;21.98;30.7;2.2;28.22;30.7;2.9;26.03;30.5;2.7;21.25;30.4;2.2
20150729;30;21.85;30.5;3.5;25.08;30.7;3.5;15.74;30.8;1.1;19.3;30.6;3.2;23;30.4;2.4;23;30.4;2.6
20150729;45;21.06;30.6;3;26.56;30.7;3.8;17.54;30.7;1.5;19.79;30.7;3.1;23.51;30.5;3.4;17.25;30.3;2.3
20150729;60;18.88;30.6;2.8;24.85;30.7;3.6;18.27;30.7;2.2;30.66;30.6;3.4;18.58;30.5;2.7;25.7;30.3;3.6
20150729;75;14.9;30.6;2.5;24.17;30.7;4.1;12.52;30.8;2.3;27.24;30.5;2.5;18.78;30.5;2.3;30.84;30.4;4.2
20150729;90;18.12;30.6;3.6;26.92;30.7;3.8;10.02;30.7;2.9;27.64;30.6;3;22.41;30.4;2.6;31.53;30.3;4.7
20150729;105;24.28;30.6;4.3;26.77;30.7;3.7;11.45;30.7;3.1;30.39;30.5;3.4;23.77;30.4;2.6;31.78;30.2;4.8
20150729;120;26.17;30.7;4.3;30.15;30.7;4.3;14.14;30.8;2.5;32.04;30.5;3.4;27.92;30.4;3.4;32.87;30.3;4.8
20150729;135;26.59;30.6;3.9;29.94;30.7;4;25.29;30.8;2.7;38.14;30.5;3.7;32.01;30.4;4.1;34.94;30.3;4.8
20150729;150;26.96;30.7;4.1;30.34;30.7;4;26.38;30.7;2.7;43.11;30.5;4;35.08;30.4;4.4;34.86;30.3;4.8
20150730;15;20.21;34.9;3.4;27.51;34.9;3.2;23.18;34.7;2.8;23.87;34.2;2;26.25;33.8;3;18.98;33.4;1.8
20150730;30;21.85;34.7;3.3;23.7;34.9;2.5;22.59;34.6;3;23.72;34.2;2.5;23.19;33.8;2.7;24.26;33.4;2.6
20150730;45;21.55;34.8;3.2;20.63;34.8;2;22.79;34.5;3.1;27.17;34.1;3.3;24.31;33.7;3;23.2;33.3;2.5
20150730;60;19.6;34.7;3.4;20.49;34.9;2.2;20.04;34.6;2.1;31.33;34.1;3.8;24.28;33.6;3;26.09;33.4;3.4
20150730;75;14.74;34.8;2.8;23.64;34.8;2.9;12.12;34.5;1.4;28.53;34;3.3;24.7;33.7;2.8;31.49;33.3;4.2
20150730;90;17.73;34.8;3;27.19;34.8;3.5;10.31;34.5;1;28.18;34;3.1;25.94;33.6;3.2;31.61;33.3;4.3
20150730;105;24.65;34.7;4.2;26.65;34.8;3.3;11.96;34.4;1.2;29.78;34;3;28.75;33.6;3.5;31.9;33.2;4.5
20150730;120;27.27;34.9;4.6;28.69;34.8;4.1;13.01;34.4;1.4;34.52;34.9;3.5;30.48;33.5;3.7;32.34;33.1;4.4
20150730;135;27.83;34.9;4.2;29.21;34.8;3.6;23.45;34.3;2.4;38.02;33.9;3.6;33.32;33.5;4;35.2;33.1;4.5
20150730;150;27.98;34.9;4.3;29.48;34.8;3.7;26;34.4;2.8;41.31;33.8;3.9;37.22;33.5;4.4;34.95;33;4.6
20150731;15;20.39;32.7;3.4;26.21;32.8;3.2;19.81;32.7;2.2;20.6;32.3;1.6;25.49;31.9;3;19.38;31.6;2.1
20150731;30;21.57;32.6;3.4;20.99;32.8;2.8;19.57;32.6;3;21.46;32.2;2;23.32;31.8;3.1;22.53;31.5;2.8
20150731;45;21.52;32.7;3.5;19.21;32.8;2.2;18.13;32.6;2.5;22.55;32.2;2.3;23.92;31.8;3;19.62;31.5;2.6
20150731;60;19.45;32.6;3.3;20.3;32.8;2.4;16.22;32.5;1.8;31.34;32;3.6;22.17;31.7;2.7;24.97;31.4;3.5
20150731;75;14.94;32.6;2.8;23.12;32.7;2.8;11.43;32.5;1.4;30.95;32;3.5;22.47;31.8;2.7;30.7;31.5;4.3
20150731;90;17.82;32.6;3;26.54;32.7;3.4;10.3;32.5;1;30.61;32;3.2;25.67;31.7;3.1;32.15;31.4;4.6
20150731;105;24.04;32.6;4.2;26.34;32.8;3.5;11.96;32.4;1.2;32.73;32;3;27.06;31.6;3.2;31.05;31.3;4.6
20150731;120;26.8;32.6;4.6;29.41;32.7;4.1;12.16;32.5;1.4;36.53;32;3.3;30.17;31.6;3.8;32.19;31.3;4.5
20150731;135;27.66;32.6;4.3;29.99;32.7;3.7;22.09;32.5;2.4;37.02;32;3.4;34.06;31.5;4.2;34.94;31.3;4.7
20150731;150;27.61;32.6;4.3;30.6;32.7;3.8;24.54;32.5;2.7;41.36;31.9;3.8;38.41;31.6;4.5;35.04;31.3;4.8
20150801;15;18.79;31.9;3;25.16;32.1;3;20.78;32.1;2.4;18.13;31.9;1.5;22.5;31.5;2.9;17.17;31.2;2
20150801;30;20.87;31.9;3.3;24.54;32.1;2.9;21.25;32.1;2.8;22.72;31.8;2.6;22.44;31.5;2.9;22.94;31.3;2.7
20150801;45;21.27;31.8;3.6;22.24;32.2;2.5;21.85;32.1;2.6;26.31;31.9;3.2;23.94;31.5;3;22.16;31.2;2.6
20150801;60;19.29;31.9;3.4;20.1;32.2;2.1;20.25;32.1;2.2;30.34;31.8;3.8;23.59;31.4;3;26.1;31.2;3.7
20150801;75;14.87;31.9;2.8;22.14;32.2;2.4;12.41;32;1.6;29.1;31.7;3.4;23.74;31.5;2.9;30.03;31.2;4.4
20150801;90;17.63;31.9;3;26.52;32.2;3.4;10.44;32;1;27.49;31.7;2.9;25.55;31.4;3.2;30.02;31.2;4.5
20150801;105;23.76;32;4;25.74;32.2;3.4;12.28;32;1.2;30.4;31.7;3.1;28.64;31.4;3.6;30.76;31.1;4.7
20150801;120;26.91;32;4.6;30.08;32.2;4.1;12.81;32;1.5;34.91;31.7;3.5;30.29;31.4;3.9;31.51;31.1;4.5
20150801;135;27.32;32;4.3;30.5;32.2;3.8;20.65;32;2.5;37.16;31.6;3.6;33.41;31.3;4.3;33.91;31.2;4.6
20150801;150;27.41;32;4.3;31.3;32.2;4;22.18;32;2.6;39.65;31.6;3.8;37.06;31.3;4.5;33.97;31.1;4.7
20150802;15;18.5;34.2;2.9;24.12;34.1;3.1;19.58;33.9;2.4;18.01;33.9;1.6;21.4;33.5;2.9;17.03;33.3;2.1
20150802;30;20.52;34.2;3.3;23.86;34.1;3;21.04;33.9;2.8;22.3;33.8;2.7;21.9;33.5;2.9;21.82;33.3;2.7
20150802;45;21;34.2;3.5;21.56;34;2.5;21.03;33.9;2.5;24.32;33.8;3.2;22.1;33.5;3.1;21.74;33.2;2.5
20150802;60;19.1;34.2;3.3;20;34;2.1;19.74;33.9;2.2;28.23;33.8;3.7;23.12;33.4;3;25.13;33.2;3.6
20150802;75;14.52;34.2;2.7;22.01;34;2.4;12.02;33.9;1.7;28.3;33.7;3.4;22.42;33.4;3;28.21;33.2;4.2
20150802;90;17.33;34.2;2.9;26.02;34;3.4;10.41;33.9;1.2;27.03;33.7;3;25.04;33.4;3.2;29.45;33.2;4.4
20150802;105;23.1;34.1;3.9;25.13;34;3.3;12.02;33.9;1.2;29.46;33.7;3.2;28.14;33.4;3.6;30.15;33.1;4.6
20150802;120;25.51;34.1;4.5;29.4;34;4.1;12.23;33.9;1.6;33.45;33.7;3.5;29.28;33.4;3.8;30.14;33.1;4.4
20150802;135;27;34.1;4.2;29.62;34;3.8;20.1;33.9;2.4;35.42;33.6;3.7;33.01;33.3;4.3;32.8;33.1;4.5
20150802;150;27.1;34.1;4.2;30.78;34;4.1;21.15;33.9;2.6;37.52;33.6;3.8;36.05;33.3;4.6;33.21;33.1;4.7
